Pos, Facility ID, Facility Name, Points
1, 11efd43abbf93d801185f98b382e2880,Trout Creek Community Centre,8044
2, 11eec6d14ac47e803b8c60bfa00fa50e,Sackville Arena (LDRA),7568
3, 11E9F686BBC16AC881807B23EA662A63,Honeywood Arena,4266
4, 11eebe611aee6400ab522e1c8893781e,Bashaw Arena,3387
5, 11E9F686BBE5876E81807B23EA662A63,Pete Knight Arena,2705
6, 11eeb93e153ca1702c69dd2ca0e74e36,Middleton District Arena,2395
7, 11eec3c710a41100315311e4bca003d9,Aréna Saint-Boniface,2372
8, 11efd2207373cc90e380ca2cbefae445,Kaetlyn Osmond Arena,1543
9, 11eeb58a5a55a2a0f1112a0ed8377bb3,Redvers rec centre,1408
10, 11efcd0ec344d8c0c9c270794469850f,Arborg & District Arena,1055
11, 11eeb6f1e28da01042e125fd6b685c29,North Hastings Community Centre,869
12, 11efcfb5e68b6520bdcfc1ab92c6ab2e,Rolling Hills Arena,869
13, 11efd8fea6725be01de11c081b7cd4f2,Centre Sportif Normandin,839
14, 11efcc6ac99fafa0e7a2eaed1f518a45,Fox Valley Skating Arena,776
15, 11eebad347f099003d540cdb84e09cb8,Centre Sportif Charles-Edouard-Boucher,709
16, 11E9F686BBE5AE1A81807B23EA662A63,Petitcodiac Arena,689
17, 11eeb488d3a9da20bc289cffe14b7496,Oxbow Community Arena,668
18, 11eecb532ee3cff0f1fea7566e99a3c7,Big River Arena,660
19, d5512a67cdfc4608ac279365175fcd00,Haldimand Community Memorial Arena,649
20, 11eeb9929af07e0041c78e2eb4d12f7a,Veterans Memorial Sports Complex,639
21, 11EF745D92A71A20B4B8620607786234,St. Isidore Recreation Centre,610
22, 11efd05236b741d08029d62c4a776558,Longlac Sportsplex,555
23, 11E9F686BBED0CFA81807B23EA662A63,Riverton Arena,537
24, 11E9F686BBCBCC4881807B23EA662A63,La Glace Recreation Centre,496
25, 11E9F686BBBC681681807B23EA662A63,Greenwood Arena,461
26, 11efddc5dd2dd9402ba61fd19647b85e,Don Cruickshank Memorial Arena,455
27, 11eecb02c0216050305bc32b29dd71df,North Peace Arena,406
28, 11E9F686BB7584B481807B23EA662A63,8th Hussars Sports Center,385
29, 11efd22efdcddb70aa25cfa7687d2aa4,Ron Gorr Memorial Arena,363
30, 11E9F686BB87F91481807B23EA662A63,Athens Community Centre Centre 76,344
31, 11eeb8c4f3352030b590a61d8226fed8,Springdale Stadium and Curling Club,340
32, 11efce8c9f28cfd02e5ea2749db3bae8,Kingston Memorial Centre,337
33, 11eeb7f507c278c0b1606d36fb546664,Ivor MacDonald Memorial Arena,308
34, 11E9F686BBEB399881807B23EA662A63,Redwood Meadows Arena,296
35, 11eeb28b1e853a30ffa2ce4b52231f7b,Kinistino sports complex,278
36, 11eec20786a453e0099eb8493d090fb9,Kaslo arena,272
37, 11eeb86ad118030047158bd465a9cd46,Brooke-Alvinston-Inwood Community Centre Complex,253
38, 11efc94cfaa4171050876939db7c4873,Moosonee Arena,251
39, 11eeb9609bd28c50a173d25df9263a83,Unity Parc Arena,246
40, 11efcef1fb67d1a0afa669bb60f5a7ad,Eleanor Pew Memorial Arena,233
41, 11eec6f3b6b67ef0b4beebf0dc85c2b2,Arena De Clarence Creek,230
42, 11eebf00b2768100c91eac76a462c52c,Elm Creek Skating Rink,227
43, 11eebe55089c4260111c17e9259caa6a,Goulds Arena,223
44, 11efcc66abe09f50fbb368fdafdeb6ca,Cupar Memorial Rink,223
45, 11efcf75483809902bd90ec1517cab1c,Memorial Community Centre Arena,206
46, 11efcc61799f45f0337d822e4932bf4e,Ville De Bouctouche Forum,182
47, 11efd4eae8c401503acc7126751bba6f,Delburne AG Arena,181
48, 11E9F686BB9CD3E881807B23EA662A63,Centre récréatif de Donnacona,180
49, 11eeb94b0a9f1e707a50d372baf5b339,Walkerton Community Centre,178
50, 11E9F686BB81FFAA81807B23EA662A63,Aréna Jean Rougeau,174
51, b14065f8a04f49af8eb79de468077cd4,I J Coady Memorial Arena,174
52, 11eeb6f3ef437df0634f81fa6d7292d2,Coldwater Arena,173
53, 11efd1e8664880205b118712b95eceb6,Archie Miller Arena,165
54, 11efd8c3f0f1b75085346d6e65b3d095,Wilfred T Lipton Arena,152
55, 11eebaed463332c0bbdb434aa3eb12d2,Civic Centre Arena,151
56, 11efd4f031d4e490fae299e67c87685a,Bienfait Memorial Arena,148
57, 11efcd1057a003904627c103b195fc0a,Sangudo Arena,140
58, 11E9F686BBC7D3B881807B23EA662A63,Jus Jordan Arena,137
59, 11efcdc03bc8b940ce1cd676788d51ff,Bill Chaplin Arena,137
60, 11eeca8cd68533b0e6f0f01529983a7c,Hespeler Memorial Arena,130
61, 11E9F686BBF63B4A81807B23EA662A63,South Courtice Arena,129
62, 11eec5e85326a470f60b4a810ad1314f,Jim Ciccone Civic Centre,126
63, 11efd6019365d310971c42873a24eb89,John Levi Community Centre,123
64, 11eebf3760b00940ffe304762d2bb666,Irma Arena,117
65, 11efcdd84450f100620f665327d1f7b1,Saxon Family Community Complex,117
66, 11eebbdd59db60e0838dd72fc536eca8,Soo Pee Wee Arena,108
67, 11efcc743431db507989d6c33ba8c77f,Al Lawrence Memorial Arena,106
68, 11E9F686BBCA410281807B23EA662A63,Kings Arrow Arena,102
69, 11eeb616171bd5e0ceb6edfcfeb91bd6,Grandview Agricultural Community Centre,102
70, 11efdcb2fb4865d031e479e5767dddb8,Manitouwadge arena ,102
71, 11efdde64b0b40e0ca9a7a266d507e82,Sam Ault Arena,101
72, 11E9F686BBD3470C81807B23EA662A63,Marystown Arena,99
73, 11efde3afa45e9d0516367953137c4c9,Marmora Arena,97
74, 11eebacd58e4b670787233ee30ba0aa6,Centre Sportif C E Boucher,96
75, 11eeb7d13a5486d0e48139ff267392bd,Kachur Wealth Community Arena,92
76, 11eeb6222b688f00ac245cf23d9a366b,Summerland Arena,91
77, 11eeb6da2c720620a837bc41071a607e,Thamesford District Recreation Centre,91
78, 11eeb6f6ce9e1260f845c99fc6a31ba3,Manvers Arena & Community Centre,85
79, 11E9F686BBECB2BE81807B23EA662A63,River Valley Civic Centre,84
80, 11E9F686BBC3FD1A81807B23EA662A63,Inch Park Arena,80
81, 11eeb7e2fe6974c09c016cc0a60704ac,Frank Crane Arena,80
82, 11efcd34d2eaa0401431a7d1d2ed686b,Kyle Community Sports Centre,78
83, 11eeca22dde18fb0d59351ed89cc1736,Beausejour Sportsplex,77
84, 11efd287b441e5104101740a70dd5205,Rapid City community complex,77
85, 11efddddfbf84f008dbc4d6ce46696f3,Knights Of Columbus Twin Arenas,76
86, 11efde8833a3670051d225be9f444f95,Orville Acres Arena,73
87, 11E9F686BBC445CC81807B23EA662A63,Ingersoll & District Memorial Centre,72
88, 11efd08efc6585e0c766955230151d67,Taylor District Ice Center,71
89, aa1085f1858f4424ab5421ecadadf611,Capreol Community Centre and Arena,67
90, 11eeb550f50e99d0a6ce5f21b411b73a,Scott Safety Centre - Whitecourt Twin Arenas,66
91, 11efd5095f3e38f0e9beec3e86c7d857,Geraldton Community Centre,66
92, 11eeb71ac96842b0fac784089a0e2451,Ko Gocho Centre (Sportsplex) - Arena,62
93, 11eebae8b7159cd08e501c76a8afd944,Town of Innisfail Twin Arena,62
94, 11eebaf3374e9460a96867f16dd0bcf4,Fort Erie Leisureplex,56
95, 11eeb89115d148f0db0f21b7ada3a2e3,Iceberg Arena,55
96, 11E9F686BBBE293081807B23EA662A63,Harman Park Arena,52
97, 11eebe335f9d54e0d7e170fe496608ae,St Martins 4 Season Complex,52
98, 11eeb6f69b539420326a661f0ee49686,Harrow Arena,51
99, 11eebaea1c7a3a304a96c814ae9dcd7d,Powell River Recreation Complex,51
100, 11eec481dbe07650f8bca776dfb428f4,Harry O. Memorial Arena,50
101, 11efcf3a8c8ae3a0ec51ee846fecd2c2,Richmond Arena,49
102, 11eeb93ad73376e01ed4b59cddd96988,Boundary Expo Recreation Centre,47
103, 11eeba505ce29fd0336b7d0106883455,Ray Twinney Recreation Complex,47
104, 11E9F686BBE111DE81807B23EA662A63,Onoway Arena,46
105, 11eeb743163d9310c999633b382e6569,Aldershot Arena,46
106, 11eeb7664c770600c33f81f42a252b79,Hepburn Arena,46
107, 11efcd745b1778a07c5edeb709174625,Didsbury Memorial Complex Arena,45
108, 11eec6b6c0ab3fa0d42ffb9151dc9a95,Raymore Arena,44
109, 11E9F686BBD43F7C81807B23EA662A63,McIntyre Arena,43
110, 11eeb70b7cd54920fd100fefa15eb6dd,Milton Memorial Arena,43
111, 11efd6df5dcb7280fbb24aba07cc4747,Hope Rec Centre ,43
112, 11E9F686BBFF838081807B23EA662A63,Sydney Mines & District Community Centre,40
113, 11efd2aa953868b0cb43609db9037b5a,MCN Arena,40
114, 11efdc65616a9fc0a3ad0f64ed2a4b32,Manitouwadge Community Center,40
115, 11E9F686BBBB1EFC81807B23EA662A63,Grand Forks arena,39
116, 11eec874950eca0005e7bcbec11edb41,Aréna Olympia,39
117, 11efcd07f77241207d7e7f32a6c0f9e2,Aréna Saint-Pamphile,39
118, 11eeb8b4a1328210a0d833b02c6d8329,Aréna Saint-Lin-Laurentides,38
119, 11efdf38bd249a700c2e5cf63e1b1e2b,New Waterford community Center ,38
120, 11eeb6f548c09f10b4f1058c6cf4143a,Dundalk Arena & Community Centre,37
121, 11E9F686BB94545281807B23EA662A63,Burks Falls Arena,36
122, 11eeb3d9b9f76f20aa55631588281247,West Colchester United Arena,36
123, 11eec2efded509e0092439ba7bb3fe19,St. Jacobs Arena,35
124, 11E9F686BB750A3481807B23EA662A63,Aréna Luc & Marie-Claude de Baie Saint-Paul,34
125, 11E9F686BBC9B81881807B23EA662A63,Keswick Valley Regional Complex,34
126, 11eebc8a539b75f0f6df272c30eb7379,Carlo Cartarello Arena,34
127, 11eec0ba95f58650cddc36c5aa8a2c4b,Sungod Recreation Centre,33
128, 11efcde27f78f070ac72fbd7fff4a754,Aréna Conrad-Parent,33
129, 11efcebb75901dc0cb4becb479c7125b,Doug Hagel Arena,33
130, 11eeb7b7be66cb50ecb2ff28eaa966de,Darlington Sports Centre,32
131, 11eeb948f1e16b10958164c4afa33fb1,Tilley arena,31
132, 11E9F686BB867CD881807B23EA662A63,Aréna St-Cyrille,30
133, 11E9F686BB95427281807B23EA662A63,Cambrian Arena,30
134, 11E9F686BBAFE1C281807B23EA662A63,Duncan Murray Recreation Centre,30
135, 11eeb8bf1c1b27700663652ce727cce9,Edson and District Leisure Centre,30
136, 11eeba577b589cb0f6d23fd4cbae1d68,Hodder Memorial Recreation Complex,30
137, 11efded6895a516004839a3c822c0043,Kipsigak Arena,30
138, 11E9F686BBAF802E81807B23EA662A63,Drumheller Memorial Arena,29
139, 11eeb5ac31155cb0fc1c9db49812067b,Penticton Memorial Arena,29
140, 11eeccd75e4550e0b73e51cca69c9dae,Paul J Yakabuski Community Centre,29
141, 11efcd3bdaf2bb40f1c5d0ce7eabb7b3,Complexe Sportif De St-Louis-De-France Inc,29
142, 11efd3ca4b6af5103419c4a27d769a41,Hague Arena,29
143, 11E9F686BBC866C081807B23EA662A63,KC Irving Regional Center,28
144, 11E9F686BB75AC3C81807B23EA662A63,A.G. Ross Arena,27
145, 11E9F686BB7BE9EE81807B23EA662A63,Arena BSR,27
146, 11E9F686BBB8470481807B23EA662A63,Galt Arena Gardens,27
147, 11eebaeccbfda5307f4e36fd88fecfc1,Wikwemikong Recreation Center,27
148, 11eebd5b569d0a3042bbc639dc23aa8b,Harry Lumley Bayshore Community Centre,27
149, 11efd863f5180a105dfe37a9d3b8096b,Berens River Memorial Arena ,27
150, 11E9F686BB775CA881807B23EA662A63,Alberni Valley Multiplex,26
151, 11eebaf0e71cdd502482dcb382b1081a,Powassan Sportsplex,26
152, 11eebf362ebf1d00d81b793057e5747c,Princeton & District Arena,26
153, 11E9F686BC07B29481807B23EA662A63,Tri Township Arena,25
154, 11eeb32fbd64aab013655c150e502a92,Strasbourg & Community Recreation Centre,25
155, 11eeb7132a120630d6bd4d395c6df313,Strathcona Gardens Recreation Complex,25
156, 11eec6035945eb20b93c60cbbe68acd2,Beeton Community Memorial Centre,25
157, 11efced65b5931b09438b67a8bddf3c6,Vulcan Arena,25
158, 11efd10097b80740dc84e441069785fe,Lion's Head Arena,25
159, 11efde56f9e542806e961e37fce419fd,Centre sportif J.-A. Lemay,25
160, 11E9F686BBB36DA681807B23EA662A63,Emily Omemee Arena,24
161, 11eec0bf87bfe210af5700aaafa2d9f1,Multiplex Arena,24
162, 11E9F686BBBCC8F681807B23EA662A63,Gros Morne Regional Complex,23
163, 11E9F686BBBE635081807B23EA662A63,Harry Ivany Arena,23
164, 11E9F686BBE5A32A81807B23EA662A63,Peterborough Memorial Centre,23
165, 11eeb6f1947c1f001655bb9ac12d518d,Oro-Medonte Community Arena,23
166, 11eeb7072c55f9308fe2395362db20ce,Centre sportif de Métabetchouan,23
167, 11eebb026d9d06003c8b28043df69538,Smiths Falls Memorial Community Centre,23
168, 11eebb1858c097905e167b5bb43921ab,Kentville Centennial Arena,23
169, 11efe32eeedfcd608e2a11d9ff2f65f3,Tobique-Plex,23
170, 11E9F686BBDF2CCA81807B23EA662A63,Norway House Cree Nation Multiplex,22
171, 11eeb7b95e6193f0439ee030f65b6ccd,Wainfleet Arena,22
172, 11efcc4c7779da700cf0061f660dea9a,Stride Place,22
173, 11efce169eb10b605501b9a86d3ceb3a,Centre des sports Jean Claude Tremblay,22
174, 11efd14a4f5c786058d88ce51f44c41f,Espanola Recreation Fitness,22
175, 11E9F686BBC0760481807B23EA662A63,Hillsborough Arena,21
176, 11E9F686BC0022AE81807B23EA662A63,Tamitik Jubilee Sports Complex,21
177, 11eeb57164f89a506ee5bd2c428d7c67,Cominco Arena,21
178, 11eeb86534aaa3b07f7d59551d1a4621,Marysville Arena,21
179, 11eec0ca2a6e9100ec3dbc0a12e7ac76,East Gwillimbury Sports Complex,21
180, 11E9F686BB91C99E81807B23EA662A63,Brennan Park Arena,20
181, 11E9F686BC0F81C281807B23EA662A63,Walpole Island Complex,20
182, 11eeb17cc56cffa0fd468084f1237ec6,Oxbow Arena,20
183, 11eeb543b68fd5a0d61bc92906228066,Twin Town Sports Complex,20
184, 11eeb54d47d059503d9771929b460183,Centre sportif Jacques-Lesage,20
185, 11eeb5bd746d98905db7339b1b9e9e9b,South Cariboo Rec Center,20
186, 11eeb631ab3e8cc0782b468a096f8c6e,Tommy Ricketts Arena,20
187, 11eeb9822c9dcc107fe98a4577c7de4b,Moose Jaw Events Centre,20
188, 11eeba568440b110c8148e7cf196f9f4,Arctic Spas Recreation Complex,20
189, 11eebda934364a803381ba5d7c9248c4,Cremona Ag Society Community Arena,20
190, 11eec0b1afaa6bf05e6d9245f4c60ce4,Okanagan Training Rink,20
191, 11eec62b03459810023392bba64f97a4,Kapuskasing sports palace,20
192, 11eecba83cfa87a0286260c4873a2187,Ken Williams Southern Shore Arena,20
193, 11efcbc1be0a2fc00e21c7f8c26c4aa3,Fort Simpson ,20
194, 11efce4bdc59b3b099fa2a567ad3cb1e,Maidstone Arena,20
195, 11efcf9029c2fea01539fbe7fd88feaf,Upper Pontiac Sports ComplexJ,20
196, 11efcfb594126b4024c9e24f6ed79a60,Nakina Community Complex,20
197, 11efcfba1d3453d0d6b10f5b24fd3d17,Northern Lights Palace Arena,20
198, 11efd62c87b536c09afe23d005d4072b,Savanna Agricultural Society Rec-Plex,20
199, 11efd8d19d573f8086ed6c535fa9893b,Jordan Arena,20
200, 11efdebc30caa6e0bb3c5cdf886ba58b,Noelville Community Centre,20
201, 11efe4f7b02710e0e8e7ce61c8f9fc3e,Chesterville and District Arena,20
202, 11E9F686BBB1692081807B23EA662A63,eastern Kings Sportsplex,19
203, 11efcfd1cdae6e50800e363a98538b76,Saint Andrews Community Club,19
204, 11eeb73381cc29802b6bce5cdba41fa3,Bobcaygeon-Verulam Community Centre,18
205, 11efcc4fd33abf205d7cbfac73e8aae2,Westlock Rotary Spirit Centre,18
206, 11E9F686BB811CD481807B23EA662A63,Aréna Gilles-Bourassa,17
207, 11E9F686BB97FAEE81807B23EA662A63,Carlisle Community Centre,17
208, 11E9F686BBBA66D881807B23EA662A63,Glenn Hall Centennial Arena,17
209, 11E9F686BBE5652281807B23EA662A63,Perth & District Community Arena,17
210, 11E9F686BC0F701081807B23EA662A63,Wallaceburg Memorial Arena,17
211, 11eeb66b5a1b04603179e071d742dec0,Foam Lake Recreation Centre,17
212, 11eebbbb7b8cd6501b4b861b90b26a3f,Tilbury Memorial Arena,17
213, 11eebf8f1b5ef2e0185a05bc4b38f59a,Ridgevalley Arena,17
214, 11efcfb3099b19f0bdc60934a5d9eb65,Marshal Moores Arena,17
215, 11E9F686BC12B00481807B23EA662A63,western Financial Group Community Arena (formerly Bow Island Arena),16
216, 11eeb71c1f7431e0a94860ebb2bfdc25,Alexandra Arena,16
217, 11eeb99c59e12c70934c42277fc2eb09,Rogers Arena,16
218, 11eebcd617b2a170a305efaa5f54d6e3,Sandy Bay Arena,16
219, 11eebebad4f080f0a8fe39202ee25c45,Glovertown Arena,16
220, 11eec7db96b1bd20b8a44d7b7a374ffa,Arena de Valcourt,16
221, 11efcc5f9f6ec19095fd7136dfbe7c90,Centre Sportif Mistouk,16
222, 11efcd08c2d3d6303f7b8bc914b94c9f,Mnjikaning Arena Sports Ki (MASK),16
223, 11efcce6c12730105f17285b74504356,Pond Inlet Comunity Hall,15
224, 11E9F686BB75309A81807B23EA662A63,Aréna Réjean Lemelin,14
225, 11E9F686BB79685E81807B23EA662A63,Amherst Stadium,14
226, 11E9F686BB804A8E81807B23EA662A63,Aréna Fernand-Asselin,14
227, 11E9F686BBCB036C81807B23EA662A63,Kitchener Memorial Auditorium Dom Cardillo Kinsmen & Kiwanis Arenas,14
228, 11E9F686BBFE48C681807B23EA662A63,Sudbury Arena,14
229, 11eeb6096e308ae030fc3b42da6a5268,Welland Main Arena,14
230, 11eebef8eb4fb3a0eb1c98d6bfdfcb5f,Fort Macleod & District Sports Centre / Outdoor Swimming Pool / Ice Arena,14
231, 11eec6f740f4c970a663bfd4e0d55d8e,Aréna Municipal,14
232, 11eec7900567a2804fec4c1a0ec33e9a,Burford Community Centre,14
233, 11eeca274231a87051f5d871ecdbc004,Daysland Memorial Arena,14
234, 11efcc598545bb3061d82c9b9c18ec46,Southeast Event Centre,14
235, 11efcd74dfe790102bf0b3a287ae113a,Festival Arena,14
236, 11efd83fc73bd0a0e0288b55e4e44419,Kindersley West Central Events Centre,14
237, 11E9F686BBA1040481807B23EA662A63,Centre sportif sainte-anne des plaines,13
238, 11E9F686BBAD621281807B23EA662A63,Deseronto Community Recreation Centre,13
239, 11E9F686BBB44F3C81807B23EA662A63,Essar Centre formerly Steelback Centre,13
240, 11E9F686BBB833AE81807B23EA662A63,Fundy Arena,13
241, 11E9F686BBD09D6881807B23EA662A63,Lunenburg Community Centre Arena,13
242, 11E9F686BBE02B3E81807B23EA662A63,Oceanside Place Arena,13
243, 11eeb5c4366043c0d775d2171044d347,Clearwater Arena,13
244, 11eeb6271149c0d06e362257ecea58d1,Sundre Arena,13
245, 11eeb740841da7b099a2f8a1725ea445,Tom Forsyth Memorial Arena,13
246, 11eeb7971751de10faebd9ec82c95a12,Bay Arena,13
247, 11eeb81e5bb2107075791955b5ea24eb,Flames Community Arenas,13
248, 11eeb854a5585fa0f0879da6e0855755,Aréna Doug-Harvey,13
249, 11eebbf5dd11ffb03000c5f17510974d,Gaylord Powless Arena,13
250, 11eebdfe5779b180d2483a7df74aefbe,Kinsmen Community Arenas,13
251, 11eec620be82565025b546f0c5fc1684,Co-operative Place,13
252, 11efcee20ea8f7e0a95514b511914e67,Desbarats arena ,13
253, 11efd090b4d17a70050acc31db35eb4b,Cornwall Civic Complex,13
254, 11efd476bae27f10fd0951691c5c54b1,E J Broomfield Arena,13
255, 11efd8ecd26831a049ae44f50660feed,Lloyd Wilson Centennial Arena,13
256, 11E9F686BB7627E881807B23EA662A63,Acton Community Centre,12
257, 11E9F686BBDC6CC481807B23EA662A63,Nicola Valley Memorial Arena,12
258, 11eebe4d5236daf02d732ed0c64e828a,Sudbury Community Arena,12
259, 11efd94f407751a00afb628ffba75358,Berens River First Nation,12
260, 11E9F686BB76910681807B23EA662A63,Affinity Place,11
261, 11E9F686BB81B48281807B23EA662A63,Aréna Jacques Laperrière,11
262, 11E9F686BB978B4A81807B23EA662A63,Capital News Centre CNC1,11
263, 11E9F686BB97DD7081807B23EA662A63,Cariboo Memorial Complex,11
264, 11E9F686BBC3DBD281807B23EA662A63,Ilderton Arena,11
265, 11E9F686BBF331F281807B23EA662A63,Shelburne County Arena,11
266, 11eeb5bdf881da10ce34ca370f994031,Ridgetown Arena,11
267, 11eeb6d9a0fc93d0778a77f261537ce9,Port Stanley Arena & Community Centre,11
268, 11eeb6fbeb43a6f02d9b2cb562e6ef69,Little Britain Arena,11
269, 11eebab6670af690503a2c313e47b644,New Tecumseth Recreation Centre,11
270, 11eebae0390fc7000910b25d091dd475,Reeves Community Complex,11
271, 11eebbc1ae5851d0d92faee11d9dff2c,Ma-te-way Park,11
272, 11eebef04a07aeb0c3f2fb5b4afd8ade,Centre Sportif d'Opitciwan,11
273, 11eec796f7a680102cb3ee1e2811e8dd,Centre sportif Mégantic,11
274, 11eeceaf6c802480762f47c28ab25ed2,Deep River Arena,11
275, 11efd1e9ca56b5401a3b6b476bdfa63d,Aréna Pierre-Creamer,11
276, 11efdb3befab296039d338332e3d2ea8,Arena Des Iles,11
277, 11E9F686BB7540F881807B23EA662A63,Callingwood,10
278, 11E9F686BB765F9C81807B23EA662A63,Adie Knox Herman Arena,10
279, 11E9F686BB7E4C7A81807B23EA662A63,Aréna de Repentigny,10
280, 11E9F686BB813C2881807B23EA662A63,Aréna Guy Carboneau,10
281, 11E9F686BB827B4281807B23EA662A63,Aréna Joé Juneau,10
282, 11E9F686BB8281DC81807B23EA662A63,Aréna Kevin Lowe & Pierre Pagé,10
283, 11E9F686BB838BEA81807B23EA662A63,Arena mario vollant,10
284, 11E9F686BB8761AC81807B23EA662A63,Art Hauser Centre,10
285, 11E9F686BB878A7E81807B23EA662A63,Arthur Arena,10
286, 11E9F686BB881AD481807B23EA662A63,Atlas Tube Centre,10
287, 11E9F686BB88B49E81807B23EA662A63,A`nowara`ko:wa Arena,10
288, 11E9F686BB8AF2FE81807B23EA662A63,Beckwith Recreation Complex,10
289, 11E9F686BB8F9D2C81807B23EA662A63,Bobby Orr Community Centre,10
290, 11E9F686BB9232C681807B23EA662A63,Brian Orser Arena Twin Lakes Arena,10
291, 11E9F686BB9360F681807B23EA662A63,Bruce II Sports Centre,10
292, 11E9F686BB971A4881807B23EA662A63,Canora Civic Center,10
293, 11E9F686BB97F12081807B23EA662A63,Carleton Place Arena,10
294, 11E9F686BBAB8DC081807B23EA662A63,Dan K. Stevens Memorial Arena,10
295, 11E9F686BBB11B1E81807B23EA662A63,east Selkirk Recreation Centre,10
296, 11E9F686BBB1B17881807B23EA662A63,Eatonia Memorial Arena,10
297, 11E9F686BBB77AFE81807B23EA662A63,Frank Lacroix Arena,10
298, 11E9F686BBB7A95C81807B23EA662A63,Fraser Lake Recreation Complex,10
299, 11E9F686BBBA0FC681807B23EA662A63,Glanbrook Arena,10
300, 11E9F686BBBBB70E81807B23EA662A63,Gravelbourg Rink,10
301, 11E9F686BBBECAFC81807B23EA662A63,Harvey Memorial Community Centre,10
302, 11E9F686BBC3F31A81807B23EA662A63,Inch Arran Ice Palace,10
303, 11E9F686BBC7EE5281807B23EA662A63,Kal Tire Place,10
304, 11E9F686BBD0A7AE81807B23EA662A63,Luther Vipond Brooklin Memorial Arena,10
305, 11E9F686BBD8AF3081807B23EA662A63,Mooretown Sports Complex,10
306, 11E9F686BBD975C881807B23EA662A63,Mount Forest & District Sports Complex,10
307, 11E9F686BBE3543A81807B23EA662A63,Parkdale Arena,10
308, 11E9F686BBEE43F481807B23EA662A63,Rolling Mix Concrete Arena,10
309, 11E9F686BBF0791281807B23EA662A63,Sandman Centre,10
310, 11E9F686BBF928FA81807B23EA662A63,Spryfield Lions Rink,10
311, 11E9F686BBFCA21E81807B23EA662A63,Stephenville Dome,10
312, 11E9F686BBFDEFB681807B23EA662A63,Stroud Arena,10
313, 11E9F686BC000D6481807B23EA662A63,Talbot Gardens Arena,10
314, 11E9F686BC14896A81807B23EA662A63,Whitney Pier Rink,10
315, 11eca2871cb1ecf05869f12567570fe3,Napoleon Merasty Memorial Arena,10
316, 11eeb281e23b0c70ddde01d6d39fdcba,Pilot butte arena,10
317, 11eeb281e940fde0588ac5c6c7306bcd,Mike Austin,10
318, 11eeb285b01f747012d07907b97c4387,Omniplex,10
319, 11eeb28864b8e7c049ac4520cbc3e46f,George Bell Arena,10
320, 11eeb3006b4a7e006efedebfcfbc05a6,Pikangikum Arena,10
321, 11eeb54b77650d70675b191aabb07016,Aréna de Blainville,10
322, 11eeb59445a01390d6897a81c9d52988,Aréna Joannie Rochette,10
323, 11eeb59533fa2490cb0eea7cfc60948d,Centre sportif de Delson,10
324, 11eeb5a1cd296bb0e8c8bbd3e6600f24,Carrot River Community Centre,10
325, 11eeb623adbc666014ba5067b3fe3412,Terrace Bay Recreation Center,10
326, 11eeb640c6645390fbf902294a492261,Oakridge Arena,10
327, 11eeb651016c8740e5cae390400d96ad,Mossbank Curling & Skating Rink,10
328, 11eeb65d99db649054a3f0da8cbd3e01,Wasaga Beach Arena,10
329, 11eeb6724cb0184058d25757fdc0d9a8,New Waterford & District community centre,10
330, 11eeb6ebeb1d2670e9e32e47e1999ce5,Millview Arena,10
331, 11eeb6f183028ca0c3cf99e481aa99cb,Blackstock Recreation Complex,10
332, 11eeb6f26e476e601a124e2f95bc1bda,West Orillia Sports Complex Rotary Place Arena,10
333, 11eeb6f2a4ce04d01fe8b9c5aa7133d7,Caledon East Community Complex,10
334, 11eeb6f7a830506070ca295f437ef668,Markham Village Arena,10
335, 11eeb6fa1b156410087507e72185ecf2,Ken Houston Memorial Agricultural Centre,10
336, 11eeb7071c1116407edf40c176b6d772,Georgina Sutton Arena Hall,10
337, 11eeb7086b681a305cb3e9d4a7b30d33,Belmont Arena,10
338, 11eeb71c094c59b093133e38a63b3cee,Gemini Sportsplex,10
339, 11eeb71cf13d0760a66835df1c7549c0,Lakefield-Smith Community Centre,10
340, 11eeb72a528fa880e8261ff66ad861c8,Aréna André Lacroix,10
341, 11eeb736fd193a30466fce772d5d392a,Quesnel Arenas,10
342, 11eeb74bfa1367b0acd57a22cc38304e,High level  Arena,10
343, 11eeb799e7e2e4f053fdaa2a1cfd249b,Rainy River Arena,10
344, 11eeb79eb91104408b734021d55645b8,Complexe Walter-Buswell (arénas),10
345, 11eeb7cab1df1cd0d39840581fd0bd14,Claude Parrish Memorial Arena,10
346, 11eeb811e77abec0d376be1d037cad9c,Chilliwack Coliseum,10
347, 11eeb87600b270903cd02d4535951968,Tricenturena Waterford Arena,10
348, 11eeb87daa080860aeccca5fbc961313,Father Pierre Rigaud Arena,10
349, 11eeb8aa348274e080ff99b226c2e4c4,Julie McArthur Centre,10
350, 11eeb8d243ff45b0f04c4bceda856b40,Aréna de St-Romuald,10
351, 11eeb9393a5a3990edc2375f5e79a285,Mimico Arena,10
352, 11eeb956f86fb320c8bada66ac72778b,Aréna Nicol Auto,10
353, 11eeb9a3ab92b370040aac077579c6ca,Westland Arena,10
354, 11eeba08415f18800d253df23f1f026d,Mike Rodden Arena,10
355, 11eeba7096406490e0c8f6f9cbd38598,Sexsmith Arena,10
356, 11eebaea5c2e5d00e328dd2a8a05be9f,Winfield Arena,10
357, 11eebaec0eb07e80cae6fb8a431cd169,Labrador City Arena,10
358, 11eebb9d00c3de00aa3d8792c46bbf85,Paradise Double Ice Complex,10
359, 11eebba05bec052037b220c8deafd144,Argyle Arena,10
360, 11eebbe6e59874707763be3a204a6348,Eastern Shore Community Centre,10
361, 11eebd83b21b67d03ca471691ca5d68a,Aréna Cité-des-Jeunes,10
362, 11eebd9fafe8bfa08950240f4df08ee1,Jarome Iginla and kinex arenas,10
363, 11eebe39281e6d00558a9fbf2b7adc7b,Parrsboro Lions Arena,10
364, 11eebe4c7e71c040e35e89039ac913c1,Rose valley recreation rink,10
365, 11eebef564c39bb0078e93df6f7d917e,Northern Lights Rec Centre,10
366, 11eebfb9a02cf56009ef870953e642d5,Collingwood Eddie Bush Memorial Arena,10
367, 11eec0d7899d40b0fcad622892946ad7,Scotiabank Arena,10
368, 11eec12a06e7b620a0fdccbefb2c41a7,Randy Rosen Rink,10
369, 11eec205a1eef0808ac933197c28f4d1,Fuller Lake Arena,10
370, 11eec3bfda1f2c70837597f5ad001b03,marcel Larocque,10
371, 11eec55b3394a720999efa711c992ad9,Bonavista Cabot Stadium,10
372, 11eec57426e4c870eb216f94ca104f3a,East Ferris Community Centre & Arena,10
373, 11eec88de43a162098ae9982a46adbf1,Deline Arena,10
374, 11eeca881360ad5011644285716a8357,A.J. LaRue Arena,10
375, 11eeca88b866c5505458f178cecd966f,Strathcona Paper Centre,10
376, 11eecb4379c931a0e4b8e66779a7e893,Vollmer Center,10
377, 11eeccfb000eeda0d207d2746ef140c4,Chipman Centenial Arena,10
378, 11eecdb98eb11d80e2369ccd34711859,Clay Martin,10
379, 11efcb093624cba0f555c1bdfbf89654,Maitland Recreation Centre,10
380, 11efcb0960168ed03ffaa9cdc47c678e,Shallow Lake & District Community Centre,10
381, 11efcbda87838ff02653a311a143081c,Canmore Recreation Centre,10
382, 11efcc53dede7ed0e93318921e3c350f,Ray Friel Recreation Complex,10
383, 11efcc9da7e6b0608bdeb44c630b7e3d,East Hants Sportsplex,10
384, 11efcca107e517b02053683fee5a6f67,Loisirs de Saint-Edouard-de-Frampton Inc,10
385, 11efccaa118a2ef0e4dcec97ec9ae358,Centre sportif de Buckingham,10
386, 11efcd2a7d7513c0b45a31225f6c2a02,Barrhead Arena,10
387, 11efcd56e825fd2043bd1b109c424b7f,Teulon-Rockwood Arena,10
388, 11efcd76d047b4d0db04d70f1eecd294,Lanark Community Centre,10
389, 11efcd8bbb6cc2708e72ee5d631dfc86,Ke-Na-Now Centre,10
390, 11efce060d47a72001e20085d7c0a7e3,Aréna P E Lefebvre,10
391, 11efce23a2186660a1769309826d249f,Chesley Arena,10
392, 11efce2988836c303600aec9c5ea88db,Hagersville Memorial Arena,10
393, 11efce6e0a68a7d0775885f69e3af9ab,Foxwarren Arena,10
394, 11efce93c97950a0cadf09819cc658d6,Centre sportif André Dubé,10
395, 11efcecd5c43cee0a9cef9a61cb05021,BCN arena ,10
396, 11efcecef83f7d70f6666c3c119a79a1,Humphrey Arena,10
397, 11efcf13e67d6300d6e8a0b897f8e2a5,Inverness Arena,10
398, 11efd04f21d9cb50f6f17d9ceccd2178,St-Ubalde Arena,10
399, 11efd0a2c9b534b041c9b82b5946caf0,Vern Miller Memorial Arena,10
400, 11efd16824c7e9e01e10b4214c4c841f,West Kelowna Hockey Centre,10
401, 11efd2c87166f6402dc14d23fb6d2f99,Wilmot Recreation Complex ,10
402, 11efd2d6c51cd490235fd715b4ae47a6,Aréna Richard Trottier,10
403, 11efd3d9041ce060086654d153bf419a,La Glace Arena,10
404, 11efd42227900060b1a514c4f5608003,Centre récréatif Norman-Boisvert,10
405, 11efd42bb86bf5e0ee783b1aab70a5bf,Keswick Valley Arena,10
406, 11efd46f7640a0a0b46d403ec36e2fb1,Polar Center,10
407, 11efd56a1ffdef80a5e3372c287a2048,Paradise Hill,10
408, 11efd8e15505cf20242e48edeac44fba,North Huron Wescast Community Center,10
409, 11efd99634f83be054935b113094419e,Viscount Arena,10
410, 11efda51c2edb860efd85626d3cda08e,A.J.M. Davies Arena,10
411, 11efdc4e57c1e760d67dfa3faa67850d,Seaparc ,10
412, 11efdc57bd98d4f0c6252f27268b8a89,SEAPARC Recreation Centre,10
413, 11efdec546843dd01ce10e5481201e30, Gilbert McDonald Arena,10
414, 11efe0f1c68b1ac0c9998c715f0bd84d,Pavillon des Sports,10
415, 11efe18d222a4a909a23bbecde8236bb,Eliyahu Wellness Centre Canada Games Place Place des Jeux du Canada,10
416, 11efe2575661b210432615ede1c0d2b6,Katelyn Osmond Arena,10
417, 11efe269e00a9c9065e3946223553db9,Redvers Recreation Centre,10
418, 11efe3fddb4ca8c01dedb0977326e16f,De Salaberry Recreation Facility (St. Malo Arena),10
419, 11efe424431eeaf05331a9a3959638f9,Macdonald,10
420, 11efe4429bee87d0020b9fe1edb08247,Jubilee Recreation Centre,10
421, 11efe49dd41bba0063c7d8febcb7b9b1,Upper Pontiac Sports Complex,10
422, 11eeb6f4cb2d4080ab82f44796122138,Gaukel Memorial Community Centre,9
423, 11eeba63ba1040a0b521caffe626400a,Al Palladini Community Centre,9
424, 11eec7a01e4e59500d1d0945dab7e5c6,Gore Bay Arena,9
425, 11efe264f4523550adb7a6bd26d697c4,Kuujjuaq Forum,7
426, 11E9F686BC088AB681807B23EA662A63,Tumbler Ridge Community Centre,6
427, 11eeb60888661890cecb30db6e8abdb4,Tri-County Complex,6
428, 11E9F686BB8BF96081807B23EA662A63,Benson Centre,4
429, 11eeb3d43b205f409cdccea1d1502b24,Leon's center,4
430, 11eec8320b3a3c7096785282e68e4fbb,Blind River Community Centre,4
431, 11E9F686BBFBA8DC81807B23EA662A63,Stanley Agrena,3
432, 11ed8b1f23b75d60d67d4601a9fe2be9,Old perlican arena,3
433, 11eeb59a23890f40d22d1bc5a7e5d36d,Vic Johnston Community Centre,3
434, 11efd218ab893a00502317dc880a6b4f,Bruno Skating Rink,3
435, 11E9F686BB78FE8C81807B23EA662A63,Allman Memorial Arena,2
436, 11E9F686BB760D4E81807B23EA662A63,access event centre,1
437, 11E9F686BB7DCB5681807B23EA662A63,Aréna de Magog,1
438, 11E9F686BB9254E081807B23EA662A63,Bridgetown & District Memorial Arena,1
439, 11E9F686BB9AD16A81807B23EA662A63,Centre 200,1
440, 11E9F686BBA0815A81807B23EA662A63,Centre sportif régional de Contrecoeur,1
441, 11eeb6de3636cca0b99fa9b5459444b0,Cape Breton County Arena,1
442, 11eeb8120a12f24070514bf9b3f083df,Ron Ebbesen Twin Arena,1
443, 11eec0588326b0b0fcc17b99a01e1806,Glacier Arena,1
444, 11eecb9b72bb9710c7da716c8c4ca5d5,Complexe Sportif Robert Hartley,1
445, 11efd1f0ae27b9d0b8f42a3584c3bb1d,Arena Pierre Craemer ,1
446, 11E9F686BB75444081807B23EA662A63,centre sportive arthure qouqouchi,0
447, 11E9F686BB7574EC81807B23EA662A63,5 Corners,0
448, 11E9F686BB75B26881807B23EA662A63,Abbeydale Park Rink,0
449, 11E9F686BB763F3A81807B23EA662A63,Adams Ice Centre,0
450, 11E9F686BB76586281807B23EA662A63,Ade Theriault Arena,0
451, 11E9F686BB76A72281807B23EA662A63,Agincourt Recreation Centre,0
452, 11E9F686BB76B45681807B23EA662A63,Agrena,0
453, 11E9F686BB76FBB481807B23EA662A63,Akasaka Recreation Centre,0
454, 11E9F686BB772DF081807B23EA662A63,Alameda Community Rink,0
455, 11E9F686BB784F6E81807B23EA662A63,Alix Arena,0
456, 11E9F686BB79FF3081807B23EA662A63,Antigonish Arena,0
457, 11E9F686BB7AA54881807B23EA662A63,Archie Browning Sports Centre,0
458, 11E9F686BB7B65BE81807B23EA662A63,Aréna Adé Theriault,0
459, 11E9F686BB7B727A81807B23EA662A63,Aréna Ahuntsic-Cartierville,0
460, 11E9F686BB7BA23681807B23EA662A63,Aréna Bardy,0
461, 11E9F686BB7BD2C481807B23EA662A63,Aréna Bourget,0
462, 11E9F686BB7BECDC81807B23EA662A63,Aréna Camillien-Houde,0
463, 11E9F686BB7C7E7C81807B23EA662A63,Aréna Cynthia-Coull,0
464, 11E9F686BB7C956A81807B23EA662A63,Arena Daniel Demers,0
465, 11E9F686BB7CC01C81807B23EA662A63,Aréna de Bécancour,0
466, 11E9F686BB7D122481807B23EA662A63,Arena de Cap-Pelé,0
467, 11E9F686BB7D1BFC81807B23EA662A63,Aréna de Chibougamau,0
468, 11E9F686BB7D921281807B23EA662A63,Aréna de Lachenaie,0
469, 11E9F686BB7DF61C81807B23EA662A63,Aréna de Montmagny,0
470, 11E9F686BB7E3B5481807B23EA662A63,Aréna de Plessisville,0
471, 11E9F686BB7F266881807B23EA662A63,Aréna de Saint-Romuald,0
472, 11E9F686BB7FE90481807B23EA662A63,Arena Denis Perron,0
473, 11E9F686BB7FECE281807B23EA662A63,Aréna des +les,0
474, 11E9F686BB806EB081807B23EA662A63,Aréna Fort Coulnge,0
475, 11E9F686BB80EB0681807B23EA662A63,Aréna Gérard Couillard,0
476, 11E9F686BB814B8281807B23EA662A63,Aréna Guy Nadeau,0
477, 11E9F686BB814EC081807B23EA662A63,Aréna Guy-Lafleur,0
478, 11E9F686BB817FB281807B23EA662A63,Aréna Ivan-Dugré,0
479, 11E9F686BB8257F281807B23EA662A63,Aréna Jérôme-Cotnoir,0
480, 11E9F686BB8347D481807B23EA662A63,Aréna Marcel-Claveau,0
481, 11E9F686BB836ADE81807B23EA662A63,Aréna Marcel-Larocque,0
482, 11E9F686BB8429CE81807B23EA662A63,Aréna Mike-Bossy,0
483, 11E9F686BB85245081807B23EA662A63,Aréna régional de St-Pierre-les-Becquets,0
484, 11E9F686BB85B20881807B23EA662A63,Aréna Roch-Lasalle,0
485, 11E9F686BB85C1D081807B23EA662A63,Arena Rodrigue Gilbert,0
486, 11E9F686BB85FD5881807B23EA662A63,Arena Saint-Arthur,0
487, 11E9F686BB8650A081807B23EA662A63,Aréna Salaberry,0
488, 11E9F686BB86CD0A81807B23EA662A63,Aréna Stéphane Richer,0
489, 11E9F686BB87C00C81807B23EA662A63,Asphodel-Norwood Community Centre,0
490, 11E9F686BB88984C81807B23EA662A63,Ayr Farmer's Mutual Insurance Arena (NORTH DUMFRIES COMMUNITY COMPLEX),0
491, 11E9F686BB89CDD481807B23EA662A63,Barrington Municipal Arena,0
492, 11E9F686BB8B3B4281807B23EA662A63,Beechy Community Rink,0
493, 11E9F686BB8C025C81807B23EA662A63,Bentley Arena,0
494, 11E9F686BB8C6E9A81807B23EA662A63,Beverly Community Centre,0
495, 11E9F686BB8D16F681807B23EA662A63,Bill Burgoyne Arena,0
496, 11E9F686BB8E7F9681807B23EA662A63,Blackfalds Arena,0
497, 11E9F686BB8F397C81807B23EA662A63,Bob Fallis Sports Centre,0
498, 11E9F686BB909C6881807B23EA662A63,Bowden igloo,0
499, 11E9F686BB92CE3481807B23EA662A63,Brockville Memorial Centre,0
500, 11E9F686BB93158881807B23EA662A63,Brooklyn Arena,0
501, 11E9F686BB94AD4E81807B23EA662A63,Byron Dobson Arena,0
502, 11E9F686BB94B9E281807B23EA662A63,CAA Arena,0
503, 11E9F686BB95B74881807B23EA662A63,Campbellford-Seymour Community Centre,0
504, 11E9F686BB95D5D481807B23EA662A63,Canada Games Complex,0
505, 11E9F686BB9701A281807B23EA662A63,Cannington Community Arena,0
506, 11E9F686BB98E0D081807B23EA662A63,Castlegar & District Community Complex,0
507, 11E9F686BB9988C881807B23EA662A63,Centennial Arena,0
508, 11E9F686BB99E11081807B23EA662A63,Centennial Ice Galaxy,0
509, 11E9F686BB9AD7E681807B23EA662A63,Centre Air Creebec et Aréna Kiwanis,0
510, 11E9F686BB9B5D4281807B23EA662A63,Centre Communautaire Shawville,0
511, 11E9F686BB9B791C81807B23EA662A63,Centre des loisirs de Maniwaki,0
512, 11E9F686BB9B8DC681807B23EA662A63,Centre Dufferin Recreation Complex,0
513, 11E9F686BB9BA91481807B23EA662A63,Centre E.& P. Sénéchal,0
514, 11E9F686BB9C24A281807B23EA662A63,Centre Marcel Dionne,0
515, 11E9F686BB9C64BC81807B23EA662A63,Centre P.E LeFebvre,0
516, 11E9F686BB9CC32681807B23EA662A63,Centre récréatif de Blanc-Sablon,0
517, 11E9F686BB9D6A1081807B23EA662A63,Centre récréatif Luc-Germain de Gaspé,0
518, 11E9F686BB9DE71A81807B23EA662A63,Centre sportif Bellechasse-Dorchester,0
519, 11E9F686BB9FA2F881807B23EA662A63,Centre Sportif John Lapointe,0
520, 11E9F686BB9FB0C281807B23EA662A63,Centre sportif Lacroix-Dutil,0
521, 11E9F686BBA033F881807B23EA662A63,Centre Sportif Mercier,0
522, 11E9F686BBA0A33881807B23EA662A63,Centre sportif régional des Copains,0
523, 11E9F686BBA0CD7C81807B23EA662A63,Centre sportif Robert-Rochon,0
524, 11E9F686BBA12E7081807B23EA662A63,Centre Ushteshimau (Grand Frère),0
525, 11E9F686BBA20BA681807B23EA662A63,Chatham Memorial Arena,0
526, 11E9F686BBA2E06C81807B23EA662A63,Chicoutimi Arena Du Plateau,0
527, 11E9F686BBA39CA081807B23EA662A63,Churchbridge & Community Centennial Arena,0
528, 11E9F686BBA47FC681807B23EA662A63,Clancy Richard Arena,0
529, 11E9F686BBA5607681807B23EA662A63,Clive Arena,0
530, 11E9F686BBA575A281807B23EA662A63,CLOVERDALE  Arena,0
531, 11E9F686BBA5F18081807B23EA662A63,Cocagne Arena,0
532, 11E9F686BBA5F87481807B23EA662A63,Cochrane Arena,0
533, 11E9F686BBA60DF081807B23EA662A63,Colchester Legion Stadium,0
534, 11E9F686BBA6443281807B23EA662A63,Colisée Cardin,0
535, 11E9F686BBA646C681807B23EA662A63,Colisée de Guigues,0
536, 11E9F686BBA6878081807B23EA662A63,Colisée Desjardins,0
537, 11E9F686BBA6945A81807B23EA662A63,Colisée Isabelle-Brasseur,0
538, 11E9F686BBA7918E81807B23EA662A63,Complexe J.R.Brisson Complexe Brisson Complex,0
539, 11E9F686BBA7AEA881807B23EA662A63,Complexe Sportif,0
540, 11E9F686BBA7CFBE81807B23EA662A63,Complexe Sportif Candiac,0
541, 11E9F686BBA8CDEC81807B23EA662A63,Consort Sportex,0
542, 11E9F686BBA9E06A81807B23EA662A63,Cowichan arena,0
543, 11E9F686BBAAFCB681807B23EA662A63,Crystal Ridge Arena,0
544, 11E9F686BBAC370281807B23EA662A63,Dawson Creek Memorial Arena,0
545, 11E9F686BBAD07A481807B23EA662A63,Delia Arena,0
546, 11E9F686BBAE940281807B23EA662A63,Dorchester Arena,0
547, 11E9F686BBAEC6FC81807B23EA662A63,Douro Community Centre & Arena,0
548, 11E9F686BBAF014481807B23EA662A63,Dr. Edgar Leclair Arena,0
549, 11E9F686BBAF949C81807B23EA662A63,Drylands Arena,0
550, 11E9F686BBB0065281807B23EA662A63,Dunnville Memorial Arena & Community Lifespan Centre,0
551, 11E9F686BBB09AEA81807B23EA662A63,east Bayfield Arena,0
552, 11E9F686BBB163BC81807B23EA662A63,eastend Rink Complex,0
553, 11E9F686BBB186B281807B23EA662A63,eastlink Centre,0
554, 11E9F686BBB6A74681807B23EA662A63,Forest Glade Arena,0
555, 11E9F686BBB6C8F281807B23EA662A63,Fort Assiniboine,0
556, 11E9F686BBB7094881807B23EA662A63,Fort Qu’Appelle Rexentre,0
557, 11E9F686BBB72C4881807B23EA662A63,Fort William First Nation Arena,0
558, 11E9F686BBB8D1BA81807B23EA662A63,General Motors Centre,0
559, 11E9F686BBB978D681807B23EA662A63,Georgina Ice Palace,0
560, 11E9F686BBBA381681807B23EA662A63,Glenboro Arena,0
561, 11E9F686BBBA996E81807B23EA662A63,Glooscap District Arena,0
562, 11E9F686BBBAC11481807B23EA662A63,Golden Ears Winter Club,0
563, 11E9F686BBBAF01281807B23EA662A63,Gordon Lathlin Memorial Centre,0
564, 11E9F686BBBC203681807B23EA662A63,Green Bay South Arena,0
565, 11E9F686BBBC833C81807B23EA662A63,Grenfell Regional Park,0
566, 11E9F686BBBCF07481807B23EA662A63,Gull Lake & Community Recreational Complex,0
567, 11E9F686BBBE0A0E81807B23EA662A63,Hanna Arena,0
568, 11E9F686BBBEB14881807B23EA662A63,Hartney Community Rink,0
569, 11E9F686BBBF350A81807B23EA662A63,Hazelridge Arena,0
570, 11E9F686BBC02B2281807B23EA662A63,High Prairie Sports Palace,0
571, 11E9F686BBC087D481807B23EA662A63,Hinton / Jasper KOA Holiday,0
572, 11E9F686BBC1AA4C81807B23EA662A63,Horselake Arena,0
573, 11E9F686BBC3D00681807B23EA662A63,Ignace Recreation Complex,0
574, 11E9F686BBC4E07281807B23EA662A63,Iroquois Park Sports Centre,0
575, 11E9F686BBC56B1481807B23EA662A63,Jack Burger Sports Complex,0
576, 11E9F686BBC5802C81807B23EA662A63,Jack Charron Arena,0
577, 11E9F686BBC587DE81807B23EA662A63,Jack Goddard Memorial Arena,0
578, 11E9F686BBC61A5A81807B23EA662A63,Jaybird Memorial Arena,0
579, 11E9F686BBC7B20281807B23EA662A63,Jubilee Sports Centre,0
580, 11E9F686BBC7DD1881807B23EA662A63,Kahnawake Sports Complex,0
581, 11E9F686BBC8647C81807B23EA662A63,Kay Arena,0
582, 11E9F686BBC94D6A81807B23EA662A63,Kensington Park Arena,0
583, 11E9F686BBCA854081807B23EA662A63,Kingsville Arena,0
584, 11E9F686BBCA96FC81807B23EA662A63,Kinnaird Arena,0
585, 11E9F686BBCC371481807B23EA662A63,Lake Bonavista Community Centre,0
586, 11E9F686BBCD2B4281807B23EA662A63,Lamont Arena,0
587, 11E9F686BBCD5A3681807B23EA662A63,Langenburg Skating Arena,0
588, 11E9F686BBCD5FD681807B23EA662A63,Langham Centennial Arena,0
589, 11E9F686BBCE07F681807B23EA662A63,Lawfield Arena,0
590, 11E9F686BBCE4B4481807B23EA662A63,Leamington Kinsmen Recreation Complex,0
591, 11E9F686BBCE7AE281807B23EA662A63,Leduc Recreation Centre Ken's Furniture Arena,0
592, 11E9F686BBCEF27481807B23EA662A63,Libro centre,0
593, 11E9F686BBCFEBD481807B23EA662A63,Lord Beaverbook Arena,0
594, 11E9F686BBD2366E81807B23EA662A63,Maple Creek Skating Rink,0
595, 11E9F686BBD269D681807B23EA662A63,Marathon Arena,0
596, 11E9F686BBD2A2D481807B23EA662A63,Mariners Centre,0
597, 11E9F686BBD3FCE281807B23EA662A63,McCormick Arena,0
598, 11E9F686BBD5038A81807B23EA662A63,Meaford & St. Vincent Community Centre,0
599, 11E9F686BBD560AA81807B23EA662A63,Memorial Arena (Sioux Lookout Recreation Centre),0
600, 11E9F686BBD60EB081807B23EA662A63,Metcalfe Arena,0
601, 11E9F686BBD7AFB881807B23EA662A63,Minto Centennial Arena,0
602, 11E9F686BBD80F9E81807B23EA662A63,Mitchell Arena,0
603, 11E9F686BBD8AD0081807B23EA662A63,Moore Arena,0
604, 11E9F686BBD8EAC281807B23EA662A63,Moosomin Communiplex,0
605, 11E9F686BBD9063881807B23EA662A63,Morell Community Rink,0
606, 11E9F686BBDA09B681807B23EA662A63,Municipalité de St-Charles de Bellechasse,0
607, 11E9F686BBDB2C2E81807B23EA662A63,Nelson Civic Centre,0
608, 11E9F686BBDB8E8081807B23EA662A63,New Hamburg Community Centre,0
609, 11E9F686BBDBDA5281807B23EA662A63,New Sarepta Agriplex Arena,0
610, 11E9F686BBDC032E81807B23EA662A63,Newcastle Memorial Arena,0
611, 11E9F686BBDC67C481807B23EA662A63,Nick Smith Centre,0
612, 11E9F686BBDDCB6481807B23EA662A63,North Middlesex & District Arena,0
613, 11E9F686BBDE3CDE81807B23EA662A63,North Surrey Arena - Rink 1,0
614, 11E9F686BBDE401281807B23EA662A63,North Surrey Arena - Rink 2,0
615, 11E9F686BBDF4C3C81807B23EA662A63,Norwest Arena,0
616, 11E9F686BBE10C0C81807B23EA662A63,One Insurance Arena,0
617, 11E9F686BBE17E6C81807B23EA662A63,Orono Arena & Community Centre,0
618, 11E9F686BBE1CFA281807B23EA662A63,Osprey Community Arena,0
619, 11E9F686BBE37B2C81807B23EA662A63,Pason Centennial Arena,0
620, 11E9F686BBE3967A81807B23EA662A63,Patinoire de Deux-Montagnes,0
621, 11E9F686BBE429A081807B23EA662A63,Pavillon de la Jeunesse,0
622, 11E9F686BBE448F481807B23EA662A63,Pavillon Jean-Béliveau,0
623, 11E9F686BBE4C74881807B23EA662A63,Pembina Place,0
624, 11E9F686BBE4D29281807B23EA662A63,Pembroke Memorial Centre,0
625, 11E9F686BBE5F1A481807B23EA662A63,Pickering Recreation Complex,0
626, 11E9F686BBE5FF4681807B23EA662A63,Pictou County Wellness Centre,0
627, 11E9F686BBE6353881807B23EA662A63,Pinaymootang Arena,0
628, 11E9F686BBE63EA281807B23EA662A63,Pine Falls Arena,0
629, 11E9F686BBE6615C81807B23EA662A63,Pioneer Arena,0
630, 11E9F686BBE6BC4C81807B23EA662A63,Planet Ice,0
631, 11E9F686BBE7DE1081807B23EA662A63,Port Colborne YMCA,0
632, 11E9F686BBE7E89C81807B23EA662A63,Port Coquitlam Recreation Complex,0
633, 11E9F686BBE9968881807B23EA662A63,Queens Place Emera Centre,0
634, 11E9F686BBEAD14281807B23EA662A63,Réal-Boudreau Centre,0
635, 11E9F686BBEB184681807B23EA662A63,Redcliff Arena,0
636, 11E9F686BBEB635A81807B23EA662A63,Regent Park South Rink,0
637, 11E9F686BBEB9CF881807B23EA662A63,Révérend S.A. Dionne Complex,0
638, 11E9F686BBEBC6EC81807B23EA662A63,Rheal Cormier Arena,0
639, 11E9F686BBEDE94A81807B23EA662A63,Rockland Arena Jean-Marc Lalonde Arena,0
640, 11E9F686BBEDF80E81807B23EA662A63,Rocklyn Arena,0
641, 11E9F686BBEE84C281807B23EA662A63,Rosedale Arena,0
642, 11E9F686BBEECB9E81807B23EA662A63,Rossland Arena,0
643, 11E9F686BBEEF29081807B23EA662A63,Rothesay Arena,0
644, 11E9F686BBEF7EF481807B23EA662A63,Russ Barnes Arena formerly Santa Rosa Arena,0
645, 11E9F686BBF0843481807B23EA662A63,Sandy Wickens Memorial Arena,0
646, 11E9F686BBF2A96C81807B23EA662A63,Shamrock Centre,0
647, 11E9F686BBF536F081807B23EA662A63,Sleeman Centre,0
648, 11E9F686BBF6800081807B23EA662A63,South Huron Recreation Centre,0
649, 11E9F686BBF68DDE81807B23EA662A63,South Innisfil Community Centre,0
650, 11E9F686BBF7908A81807B23EA662A63,Southland Leisure Centre - Ed Whalen & Jospeh Kryczka Arenas,0
651, 11E9F686BBF852E081807B23EA662A63,Sportium,0
652, 11E9F686BBF8C9E681807B23EA662A63,Spray Lake Sawmills Family Sports Centre,0
653, 11E9F686BBF9CBE881807B23EA662A63,St. Clements Arena Twin Centres,0
654, 11E9F686BBFB0F7681807B23EA662A63,St. Quentin Arena,0
655, 11E9F686BBFB25F681807B23EA662A63,St. Thomas Timken Community Centre,0
656, 11E9F686BBFC48DC81807B23EA662A63,Stayner Memorial Arena,0
657, 11E9F686BBFC5C1481807B23EA662A63,Ste. Anne Arena,0
658, 11E9F686BBFCF3AE81807B23EA662A63,Stirling District Recreation Centre,0
659, 11E9F686BBFD317A81807B23EA662A63,Stoney Tribal Hockey Arena,0
660, 11E9F686BBFD652881807B23EA662A63,Stouffville Arena,0
661, 11E9F686BBFE17C081807B23EA662A63,Sturgeon Falls Arena,0
662, 11E9F686BBFEB7B681807B23EA662A63,Sun Bowl Arena,0
663, 11E9F686BBFF6C8881807B23EA662A63,Swan River Centennial Arena,0
664, 11E9F686BBFFE67281807B23EA662A63,Taber Community Centre,0
665, 11E9F686BC0071A081807B23EA662A63,Tara Community Centre,0
666, 11E9F686BC00968A81807B23EA662A63,Tavistock & District Recreation Centre,0
667, 11E9F686BC00EC9881807B23EA662A63,Tecumseh Arena,0
668, 11E9F686BC0307A881807B23EA662A63,The Ice House Carleton University,0
669, 11E9F686BC04352481807B23EA662A63,The Shores Rec Center,0
670, 11E9F686BC07052481807B23EA662A63,Maurice Chaput Arena,0
671, 11E9F686BC07A16E81807B23EA662A63,Trenton Minor Sports Community Centre,0
672, 11E9F686BC08BEA081807B23EA662A63,Tweed-Hungerford Community Centre,0
673, 11E9F686BC090CF281807B23EA662A63,Two Hills Arena,0
674, 11E9F686BC09D27C81807B23EA662A63,University of Guelph Athletics Centre,0
675, 11E9F686BC0FAE2281807B23EA662A63,Wanham COCO Sports Complex,0
676, 11E9F686BC112C2081807B23EA662A63,Wellesley Arena,0
677, 11E9F686BC11FE2081807B23EA662A63,west Lincoln Arena,0
678, 11E9F686BC120A9681807B23EA662A63,West Lorne Arena,0
679, 11E9F686BC13AA1881807B23EA662A63,Wetaskiwin Civic Centre Twin Arenas,0
680, 11E9F686BC13DBAA81807B23EA662A63,Wheatley Area Arena,0
681, 11E9F686BC158B4481807B23EA662A63,Windsor Family Credit Union Centre,0
682, 11E9F686BC15B82681807B23EA662A63,Winkler Recreation Complex,0
683, 11E9F686BC1639A481807B23EA662A63,Wolseley Sportsplex,0
684, 11eb55e67776de50b934dffda84c7fde,Aréna de Cadillac,0
685, 11eb59f6dcf8506089d2656e0ec76573,Harcourt Community Centre,0
686, 11eb5c1718eb7760ad5331ae6ce55818,Ernie Sam Memorial Arena,0
687, 11eb60aca7ea3e8087fa55af702161c8,Fortune Arena,0
688, 11eb63686c36a0408a2dc345cb0747f8,Winnipeg Beach Community Center,0
689, 11eb6ca590f2d890bc7b9ba2afe0f85f,Kitcisakik Arena,0
690, 11eca6692ce6c1a0cc8961549ef9b86e,New Carlisle Arena,0
691, 11ecaecf24e5b560bd5f94a5f118c354,Mabou Athletic Centre,0
692, 11ed8ad3f76928b0db83448e3d501770,Esgenoopetitj Community rink,0
693, 11ed8ddd19de95e0bc67d1e7262bd60e,Southland Co-op Centre,0
694, 11ed953aaddd0ba0abc575f341a315c7,Paspébiac,0
695, 11ed97839408865070eb743ff610b648,Big River First Nation Community Complex,0
696, 11ed9ce27174dee00599b229ac7dd106,Chibougamau,0
697, 11ed9e54d17a5450880cd4bc78bbcdd8,TP Stadium,0
698, 11eda23781274990bb8611d03330166a,Kashechewan Arena,0
699, 11eda586f74f3f40c78b95fcb6c7f4dc,centre sport régional municipalité St-Anselme,0
700, 11eda677b3b6e3e039ba52d1cf338120,Waterford Youth Centre,0
701, 11eda71ff0cfd3104ba826f4da04b593,Ongashimna,0
702, 11eda893aae1ff70876fa0736412aa6c,Centre sportif Ben Leduc,0
703, 11eeb2822558990054178ca78b489621,Susan,0
704, 11eeb282417fa10044943087e639ae9f,Petawawa Civic Centre,0
705, 11eeb282944e34f0c30567dab835c4b2,Meadowvale Four Rinks,0
706, 11eeb28295cee18046dc4ffd4da4b0ad,Chief Enoch Community Centre,0
707, 11eeb282c7614f80bab5033965180815,Susan fennel sportsplexs,0
708, 11eeb2839ef748505e3e7f7bfed591d1,Qu’appelle Rink,0
709, 11eeb28586deffe0ebf9a61523cfb50c,Chipman Centennial Arena,0
710, 11eeb285e391c6001e4e3392851793e2,Neguac Spirtpkex,0
711, 11eeb3310d7ba3401d46d2f7a84a79a5,Pointe-Claire,0
712, 11eeb3326af08b702ec79c5eea0b9330,Aréna Yvon-Chartrand,0
713, 11eeb3da90e62b70ee9f81a12fa5f771,Recplex,0
714, 11eeb3e22b5d4e20ae398a13abec08d8,Shoal Lake #40 arena,0
715, 11eeb40b7b6858a09727813786866a42,COMPLEXE SPORTIF VALOIS-DOUCET DU BIC,0
716, 11eeb4b92f46e9b016fca584ac05a7a7,Jasper Activity Centre,0
717, 11eeb4c391ad9a400535781efac2f604,Lake Cowichan Sports Arena,0
718, 11eeb4c64ff4c6705baefe042d5a5f87,Tantallon Recreation Rink,0
719, 11eeb4cb779861a0255cf77833b1a151,Norwich Arena,0
720, 11eeb4cb7e14d7c04d119dcb499f2309,Western Fair Sports Centre,0
721, 11eeb4cf1fd3fac06a7b2844f8631817,Dr. Bernie MacLean Recreation Centre,0
722, 11eeb4e62ecf0120129b2e03fbbc6a56,Stettler Recreation Center,0
723, 11eeb549977807905a23cdf02b3052ba,Dollard civic center,0
724, 11eeb54b11e5edc0d6985e76fc0a9a07,Sportplexe Pierrefonds,0
725, 11eeb55649f0b23016a757367d455251,Centre Sportif Robert-Lebel,0
726, 11eeb55905bd4170601611164ade4376,Bill Bolton Arena,0
727, 11eeb56619edf1a02e994edd63902f41,Aréna Repentigny,0
728, 11eeb56daca41040845d6228157d3382,Aréna Saint-Basile,0
729, 11eeb57f63230ea03da4b2061831e10c,john bucyk arena,0
730, 11eeb58a141ea11063ea9394914f8306,Credit Union Centre Arena,0
731, 11eeb591ec3c3c40f02f57d9ba4abe69,Delisle Centennial Arena,0
732, 11eeb5998a9665808b036f22697e29e6,Mackenzie Recreation Complex / Allan Sheppard Civic Centre Arena,0
733, 11eeb59af5779530dcbebc7e453c9be1,Aréna de Beloeil,0
734, 11eeb59d19b773500547d223086bb370,Ingredion centre,0
735, 11eeb59e45a02f107ccf83e114deb7cd,Béton provincial,0
736, 11eeb5a426e3a060861f237d73af3cfc,Westville Miners Sports Center,0
737, 11eeb5a42c140e809e27aea8cbbe9c77,Teeswater-Culross Community Ctr,0
738, 11eeb5a43d8a93a02c6e24e0aa8c4892,Fort William Gardens,0
739, 11eeb5a5e104e610ab86764819dfee6e,Enderby Arena,0
740, 11eeb5a700356810d7a52492e0e508cd,Fred Barrett,0
741, 11eeb5a701b63bb097a56e339b588ecf,Bobby Orr Community Center,0
742, 11eeb5a75fb271c0f68ac53efe98777e,Perdue arena,0
743, 11eeb5a7bb7384e0b8f2c93c15244d12,Center Dufferin District Complex,0
744, 11eeb5aafbebb3a00871b3807f3032f9,Eganville Community Arena,0
745, 11eeb5ab857709302bbf317ec842fcb9,Digby Area Recreation Facility,0
746, 11eeb5b7abb7b4d04d2f9813cc86a432,Ryan Leitch,0
747, 11eeb5c6896f0310dcdbd8ff3ccd9e2c,Memorial Arena,0
748, 11eeb60888563a10ac5856a31f11a2d0,Mold-Masters SportsPlex Arena,0
749, 11eeb608c7dc48001633ddf0421f17d1,Duncan McDonald Memorial Community Gardens,0
750, 11eeb60973c75bf0e6d21f02085317cf,Penetang Memorial Community Centre,0
751, 11eeb60a9bb59180e0c975b8b7c24dec,Penetanguishene memorial community centre,0
752, 11eeb60b8dc69000fab331af5808249d,Tom Hornecker Recreation Centre (THRC),0
753, 11eeb6142aa14fc007a40621f4d63297,Art Holding Memorial Arena,0
754, 11eeb6204801f2c0c6efb7d7f1f4fd92,Langley Sportsplex,0
755, 11eeb630bee99a901c9733d87ccb715e,Ethelbert skating arena,0
756, 11eeb633d71eeea0381ceaa4c7f6a828,Lampton,0
757, 11eeb6342527bd206f182dd6bb691784,Lambton Arena,0
758, 11eeb659417427a0b89d501b144f815c,Blenheim Memorial Arena,0
759, 11eeb666f70c1e30e086f5225992356b,Sicamous & District Recreation Centre,0
760, 11eeb670ed07873046dcf3d4114b1272,North Shore Recreation Ctr,0
761, 11eeb67428f684502a12d115d496bd25,NSCC Sydney Waterfront Campus,0
762, 11eeb67a8f85a5b061e34b9b41ce50a5,Carolyn Oakley,0
763, 11eeb67aa8c98af0882dc46d1ee6faef,Centre sportif de St polycarpe soulanges,0
764, 11eeb67f5f883d505b49ff939a8dc943,SASCU Recreation Centre,0
765, 11eeb68c7d01a3009909f4e0bb42cc69,Ray Persson Memorial Arena,0
766, 11eeb68cc4409eb07067b678f5feca3e,Shaw Centre,0
767, 11eeb69cf72f4e109cd311da1eb37f9b,Neebing Arena,0
768, 11eeb6bc949a48701e6aa35a61ccd761,Cabot Trail Arena,0
769, 11eeb6d9a1a6dd90cbc46c852eb1afe8,Shannon Page,0
770, 11eeb6e6618e40b09f29aa2978d3bcf2,Aréna Régionale De Huntingdon,0
771, 11eeb6e690f36e7015c7726b7718db3f,Colonsay & Dist Sports Centre,0
772, 11eeb6e9349a32a04a3118aa2615c94d,Glace Bay Miners Forum,0
773, 11eeb6ecb2760480cdd5d320f90a2d02,Cole Harbour Place,0
774, 11eeb6f19d609470899935b9845ff919,Warsaw Community Centre,0
775, 11eeb6f1aee80980f7ea1360fc56ccad,Embro Zorra Community Centre,0
776, 11eeb6f1ba9059e015b48cb230e73321,Scugog Arena,0
777, 11eeb6f2018aab7009845406de58591a,Gravenhurst Centennial Centre,0
778, 11eeb6f20fe634f09f304a367a34f2d0,Port Dover Arena,0
779, 11eeb6f237a0a5c035c16ca8b40f34b0,Tony Rose Memorial Sports Centre,0
780, 11eeb6f24af1de504d4372bd189f516d,Lambeth Community Centre,0
781, 11eeb6f2ac4b703043c1b25325783327,Plattsville Arena,0
782, 11eeb6f2dfe6f4a0c503657a03e538c7,Essa Arena,0
783, 11eeb6f3b1a4a69086db5ac8f3b679e0,Centennial Arena & Meridian Credit Union Arena,0
784, 11eeb6f3b255a71091c41ddbfcfbe7a0,Morgan Russell Memorial Arena,0
785, 11eeb6f3e7ecad60fe837af6f6d36cf7,Centre Wellington Community Sportsplex,0
786, 11eeb6f4140436c0d54385db3f5fa3a7,Spring Valley Arena,0
787, 11eeb6f469620110771ff918db0d6b61,Graeme Murray Arena,0
788, 11eeb6f4b8967e50bcba567397df4e4c,W.J. Henderson Recreation Centre,0
789, 11eeb6f56526fa00fe9ee6d5630f5470,Bond Lake Arena,0
790, 11eeb6f616350e90c622c1f411a1b175,Haldimand County Caledonia Centre,0
791, 11eeb6f66d7a84a03356fc08c7893aec,Cro's Ice Nest,0
792, 11eeb6f7ba801e80561b1e0ace7c8c7f,Flos Elmvale Community Arena,0
793, 11eeb6fbd38e50f0a95a8d3f95670cc9,Oakwood Community Centre,0
794, 11eeb6fd04d05f9020e2ed9f68bc6f42,Lindsay Recreation Complex,0
795, 11eeb6fd3e62fd80b0df56872c00b473,Embro Community Center,0
796, 11eeb70161f54ba089e4b5291a2c9cb1,Morgan Firestone Arena,0
797, 11eeb705eea4eed0281432929b2f47ab,Aréna J.Docithe Nadeau,0
798, 11eeb708608dc830565be78810ece901,Sunderland Brock Memorial Arena,0
799, 11eeb70d3b0debd0a40ba4f70811288f,Alma Recreation Center,0
800, 11eeb70e55bcdd50215e28098e33efe6,Thornton Community Centre,0
801, 11eeb70f0026cf8011ea85b8ea879fbc,North Simcoe Sports and Recreation Centre,0
802, 11eeb716b0398ff047d1e3a673672059,Vulcan Town Arena,0
803, 11eeb71937d9cc705c21f84863754340,Melanie Bockus,0
804, 11eeb7247e1b7b60233f188c61bc9823,Rose Gillard,0
805, 11eeb72a428647f0041addb57929ebeb,Don Beer Arena,0
806, 11eeb72aa6c34ab034719f1d27eb83f5,The Plex,0
807, 11eeb73615e3ed4092422907d73d7b0e,Peach King Center,0
808, 11eeb737defeaa20827f9d5d66c1abd6,Albion Bolton Community Centre,0
809, 11eeb741322b26705004bb31c2ce869c,North Kawartha Community Centre,0
810, 11eeb7454b21d94002a562c9a40218ce,47 Mile Sports Complex,0
811, 11eeb74cd79e3010ee57ebc5ae267af2,Takhini arena,0
812, 11eeb75751494c604b0e7d6910e2c398,Marianne St -Gelais,0
813, 11eeb78edc1b4dc0d271dea6294a25d3,Aréna de clermont,0
814, 11eeb791434d3ba03bd17d7ad7553b17,Wapella Memorial Arena,0
815, 11eeb79a598ddce0c500a149c03d2a6b,Aréna Métabetchouan-Lac-À-La-Croix,0
816, 11eeb79b29821970043accb4906dc6df,Rivière du nord,0
817, 11eeb79bb20af32045e222a593545f31,Stade Louis-Philippe-Gaucher,0
818, 11eeb79da18fac00a83b5e7884ca78f2,G3 Iceplex,0
819, 11eeb79f2d61048002770e41ee42ffb5,Canada Summit Centre,0
820, 11eeb7a442818c900a6ba4568bb11067,Shearwater arena,0
821, 11eeb7aca8932ea025e7223b5109047f,Southdale Community Centre,0
822, 11eeb7b7d7068150d9064e9c56099cbd,Garnet B. Rickard Recreation Complex,0
823, 11eeb7bfb725fa20307d8c29fdc93675,Centre sportif pays d’en haut,0
824, 11eeb7c02caf8bd0928096a6b585f4d1,Gros Morne Arena,0
825, 11eeb7c74b674ca0c73b542798aa2941,Whitney Forum,0
826, 11eeb7c7645dd530b74eb218312bceb5,Rocky Arena Complex,0
827, 11eeb7cc185aa870b475506a7332b2b2,Millennium Exhibition Centre,0
828, 11eeb7d534de605048aea76ad9b77c39,Esdilagh Health Centre,0
829, 11eeb7d8a2e5763045ba36b48a3fafbc,Coaldale Sportsplex,0
830, 11eeb7dc9a728a70fc6af30d03909ab1,Biggar Jubilee Stadium,0
831, 11eeb7ddf519d3b008a9883ec04e9bbc,Southwood Arena,0
832, 11eeb7e300bb2cf029d14c69f367582e,marlena mckay,0
833, 11eeb7e329e8b5c0e50954b0e4d17c39,Emo-Lavallee Community Centre,0
834, 11eeb7e595e942b05e369a45e044071f,Pavilion des Sports Roland Désourdy,0
835, 11eeb7e7dc7ef4208411f06eacf6618e,Yvonne Shallow,0
836, 11eeb7f079ffb7e03b39661c90275838,Bayfield Community Centre,0
837, 11eeb7f259c2a080919f6c0417b8b908,Centre multisport Desjardins,0
838, 11eeb7f3d35c94e09932e430a6b6d64c,Colisée Denis Morel,0
839, 11eeb7f6a747c34083499724c85aedb5,Rosanne-Laflamme Sports Centre,0
840, 11eeb7f96fae2ed0009c015132db2907,Centre d'excellence Sports Rousseau,0
841, 11eeb7f97134a7c0996085710f6e1257,Sylvie Thiffault,0
842, 11eeb7fa1cdfa5709c7c809e70c0fa33,Aréna de Vaudreuil-Dorion,0
843, 11eeb7fa59ffd6f06fa31fd65e1e0921,Winakwa Community Club,0
844, 11eeb80389c44ca050a325f4cd35b48c,Aréna Lorraine,0
845, 11eeb803b51d6800a66a450036b60b6a,Aréna Rosemère,0
846, 11eeb80821ba9830c2503ec0ea36ac92,Aréna St-Ubalde,0
847, 11eeb811d8e81fb080bfceb0097f7223,Rich Valley Arena,0
848, 11eeb8125ab445f0981b4277bc560788,Forestburg Multi Use Facility,0
849, 11eeb813145ea36071fc841a009ed687,Shinapest Tooma Memorial Arena,0
850, 11eeb814053ec300fcc8a63d97b19bcb,Malvern Community Recreation Centre,0
851, 11eeb814f10bc080fa62a937b02a2e26,Access Communications Centre,0
852, 11eeb818c038fc3090fefa541bc44135,Francis Skating Rink,0
853, 11eeb81992083a50204a3f7e8ca13454,Rose Marie Hardy,0
854, 11eeb81aff5d77408426c089649b5535,Art and Margaret Fry Recreation Centre,0
855, 11eeb81c12bac85054c65c2d3924a690,Coronation Arena,0
856, 11eeb81e4764ebb0dbfd23988081b918,Kenilworth Community League,0
857, 11eeb81e4c87ec50c5b9238d945bab96,Grande Prairie Airport (CYQU),0
858, 11eeb81e78b8a3005895e72c101c6b22,Collicutt Centre,0
859, 11eeb81e8dfb2440b20328c38569cf96,Mayerthorpe Exhibition Centre,0
860, 11eeb81eb7b6e3508a238fda29334f70,Radisson Communiplex,0
861, 11eeb81ecf6a1670537682668472acf8,Mel Hegland Uniplex,0
862, 11eeb81ee798e230c07fa447df964db8,Natuashish: Recreation Centre & Arena,0
863, 11eeb820ca9635500feffdce76d42314,Cold Lake Energy Centre,0
864, 11eeb8220a5e5fe0feb8cc144f74a861,Lacombe Arena,0
865, 11eeb82373c91c305fb2aa7b34016848,Kerry Park Recreation Centre,0
866, 11eeb82846df356095c897c49e13857c,Pembina Rec-Plex / Evansburg Arena,0
867, 11eeb856ac91d240b1f24e56d482e94b,Northumberland Arena,0
868, 11eeb867121b860029ff2327bf3ea788,Lou Jeffries Gananoque & T.L.T.I Recreation Centre,0
869, 11eeb86db5d539200216b98b013e2639,Centre sportif,0
870, 11eeb86e8fae1d10ff4ad143832b0385,Aréna de Saint-Anselme,0
871, 11eeb871dcebf3109a6ac030d8d11017,Canada Games Centre Whitehorse,0
872, 11eeb87378ad09a05212b7bf88c7a8a1,Durham Community Centre and Arena,0
873, 11eeb87c50919e00c211754156083f8c,Save-on-Foods Memorial Centre,0
874, 11eeb87fb13d5c50a8d600e283b5dfe7,Rimbey Arena,0
875, 11eeb87fef2c4f8049fc93752d2a2d48,RIM Park,0
876, 11eeb88a4c1d72a006ab51aad4970143,Fernie,0
877, 11eeb89091c062d0ef584e4d4748a094,Palais des Sports de Saguenay,0
878, 11eeb89694a60ee0b56e9d824cac8d47,Morinville Leisure Centre,0
879, 11eeb8a027e23b80197684d2228c78ae,Arena Frank-Robinson,0
880, 11eeb8a621c478704b8c5243fc5da833,Paschale Legere,0
881, 11eeb8a9af024750aade8594d5d706d6,Selena Brown,0
882, 11eeb8aa845fb5401228d1879648cfd9,Aurora Community Centre,0
883, 11eeb8ba221c45501549e801f7fd49d0,Olds Sportsplex,0
884, 11eeb8be8d67ef40ec1c7b7585060827,Centre communautaire Michel-Labadie,0
885, 11eeb8bf8f8b9d209dc4f2c5cdc8a835,Little Britain Community Arena,0
886, 11eeb8c4ce763c20a86dd348aa002ae6,Joe Thornton Community Centre,0
887, 11eeb8cc3a6809c0b5b7a81f5171a273,Centre Sportif Régional L Cyr,0
888, 11eeb8d174f84f50b38dcd5b3614e131,Aréna De Louiseville,0
889, 11eeb8d29d2674103538268ea0520188,Complexe Sportif La Pêche (Masham),0
890, 11eeb8dbb81841509e37682b80bf77d5,Western Financial Place,0
891, 11eeb8e0acab8110b6563e2a4c2934f7,Springbank Arena,0
892, 11eeb8ed5698d2c05abfb991bcb90495,Garcelon Civic Center,0
893, 11eeb8fd5a4c98b08694ce0ef1226477,Mission Leisure Centre,0
894, 11eeb93134e20db0473eae356ac8ab9d,Beaverlodge Arena,0
895, 11eeb932ec068e207b682aa845482317,Forum,0
896, 11eeb9364542ead0e9a73ebeb2b82407,Englehart & Area Comunity Arena Complex,0
897, 11eeb94235dc8a901b82f6210c49190d,Dan O’Neill Memorial Outdoor Rink,0
898, 11eeb944162ee1f0fa85cea91cf8cdbd,Dundurn Sports Center,0
899, 11eeb947e1160f80cc215ae511f8fbe8,North Bay Memorial Gardens,0
900, 11eeb949fd2a67f0138232e580ca7c50,Centre Marius Sauvageau,0
901, 11eeb94b497760307387727054189e63,Nakusp and District Community Complex,0
902, 11eeb94ee1f4f9a0edacf030506ced28,Centre Henry-Leonard,0
903, 11eeb95b3e05bcf092e6989fa9e2676c,East Lambton Community Complex (Watford Arena),0
904, 11eeb95cc15ea840df2fdbd4dbd047db,Devon Community Centre,0
905, 11eeb971c1969ba061eff79f937e1b0e,North County Recreation Complex,0
906, 11eeb977b3f7eac0eac0073d84e58cb4,The Point Edward Arena,0
907, 11eeb97b27ba97c06a350f7c35d030ee,Comox Valley sports Centre,0
908, 11eeb9800df645a05914acc2b4a8c59e,Logan Lake Recreation Centre,0
909, 11eeb98434ba24a0507db386c0a35aca,The Pepsi Centre,0
910, 11eeb98b990c58e0c796b52dbfa0d843,Cobourg Community Centre,0
911, 11eeb98d8dff7340d2627a9a2de0e12b,Russell Arena,0
912, 11eeb99039330c208c5f854485bd882d,Minoru Arena (Stadium),0
913, 11eeb990c119b260112aee529c85cc47,Aréna Mont-Royal,0
914, 11eeb9911f2096d067b93cf5c5527a64,Aréna Chénier,0
915, 11eeb992fff871e0bf3e52c23308fcb8,Aréna du complexe Jean-Laurin,0
916, 11eeb99c1d14e7504a86accd3c3e48d4,Terrace Sportsplex,0
917, 11eeb9a16210de90fef8023c37b403e4,Jobs Memorial Gardens,0
918, 11eeb9a37bd04a806a07ef21ad01d7f3,Kinsmen Arena,0
919, 11eeb9a669aeb0f0f7e6b7e2639e701b,Crystal City Skating Arena,0
920, 11eeb9c3338835b090619b0bf5452bc9,Edam Community Recreation Center,0
921, 11eeb9e34b65c6a0d700760e1edd8550,Sagkeeng Arena Complex,0
922, 11eeb9efe9c30ae05d3fb111d364b8ce,Aréna Terry Lalo,0
923, 11eeb9f08c8351903471e46ed7a6fc14,Aréna Julien-Beauregard,0
924, 11eeba049b225ca002a7bcdfa7065413,Bob Snodgrass Arena,0
925, 11eeba082f66e040fa1b258a7dd8b4d6,Centre Sportif de Saint-Antoine,0
926, 11eeba0bbd10b760f46e23a8adea54c9,Edmond E Landry,0
927, 11eeba0ce2f190c08a7cd35ce0fb9d20,MacDonald Island Park,0
928, 11eeba0fbaed3e5044c4979578dd4d5c,Centre Edmond E. Landry,0
929, 11eeba12fa1b60e0822db9fdf81f9369,Centre récréatif de Saint-David,0
930, 11eeba141ce891a0b092f0b003d4a0d4,Centre récréatif St David,0
931, 11eeba16a84b06404b6935c1d82bc0f0,Kwadacha Arena,0
932, 11eeba2b3911ec20467c88131102d1c5,The Shield,0
933, 11eeba5872693550be88d0db4db54ad4,Tiverton Sports Complex,0
934, 11eeba5a53ba10f00b61e092e34d24dc,Kinplex,0
935, 11eeba627f807370c6a5bc88a5fafaa8,Oilfields Regional Arena,0
936, 11eeba6eccae54d0c0d35abf8db1c666,Norquay Skating Rink,0
937, 11eeba6fd042a9b05d126e8b3eefbc0d,Duchess Arena,0
938, 11eebaa4a3b49db0a746e914747e5df4,Richard Calder Arena,0
939, 11eebabc62c0bb0049d3e3bad39b8b86,Ernie Iron Memorial Arena,0
940, 11eebabdff8a40e0396133af15201afa,Glenella Arena,0
941, 11eebaddaedafcf0bb56a7c59db9a85e,Candace Lighthall,0
942, 11eebae34c3be40013bbcef5f5a87437,Seymour-Hannah Sports and Entertainment Centre,0
943, 11eebae728703cc0759d94660041d903,Davidson Centre,0
944, 11eebae7de443dd0933dbde9f2a1ab61,Burlington GO,0
945, 11eebae7e9cf9050f905f339568f7131,Fleming Memorial Arena,0
946, 11eebae806140b608f2b66b021c9a064,Evansdale Community League,0
947, 11eebae83c0c1d70250c050b037a1de5,Unainuk Arena,0
948, 11eebae89eca6f702cf88bf8abacab99,Saltfleet Arena,0
949, 11eebae919f6e020f0f5615b16f1f3af,Norma Moore Gladstone and District Arena,0
950, 11eebae9907e80e04a234301b275127e,McArthur Island Sports Centre NHL Rink,0
951, 11eebae9fbc879f035ba63e5ba26a3d4,Hazelton Secondary School,0
952, 11eebaea8caaa01061c42643a7a1fd94,Polyvalente de Charlesbourg,0
953, 11eebaeb193b948094ca58a64511cfa9,Centre sportif et culturel de Brandon,0
954, 11eebaeb5ad01010e4e90c21f4a6e544,Hrm 4pad,0
955, 11eebaecb24d90a0a3f1b22e0891f143,East St. Paul Arena,0
956, 11eebaee5b66f1803aad9e5f7b9bb338,Kenton ice rink,0
957, 11eebaf05e936760845a36b2c9bf0bd6,KINGS MUTUAL CENTURY CENTRE,0
958, 11eebaf07290be70ab85d7017402b981,Merritton Centennial Arena,0
959, 11eebaf0dd348c70fe1c515b27d91e0a,Tillsonburg Community Centre,0
960, 11eebaf3b6a8a9302b17036ccb5bc247,Arnaitok Arena,0
961, 11eebaf3bed56760d8023ac8f1ff9eb5,Minitonas and District Arena,0
962, 11eebaf45fddebf0494c6156550776a2,Neyaskweyahk memorial arena,0
963, 11eebaf484d32240e61d3dfe411b1769,Queens Park Arena,0
964, 11eebaf6e3b6c0305a7bce8848ba97b0,North Grenville Municipal Centre,0
965, 11eebaf8c6100b2024ad0c91fd7640be,Mitchell & District Arena,0
966, 11eebafb894ce66072a9eaa40f9ad590,Westport Community Arena,0
967, 11eebafd3c1ba140777ff308a4ef8bcf,Hailey Bugeja,0
968, 11eebafe06f4cc70b60bf20df3a9178a,Fred Moose & Jimmy Spence Memorial Arena,0
969, 11eebafe9b0cf04007ca26f257ef47e8,Centre Récréatif Marianne St-Gelais,0
970, 11eebb024b9097c092c81d9a99395e48,Janet Sinclair,0
971, 11eebb07b7da34404cf6dac51e7e8887,Stony Plain Arena,0
972, 11eebb08dd601c60fbe53ecc490c4e4c,St. Adolphe Arena,0
973, 11eebb0a7651e65085fb5615513e2ebf,Lunenburg County Lifestyle Centre,0
974, 11eebb0bfe8a87b0df1b9fbc0bf42058,Riviere Qui Barre Arena,0
975, 11eebb1345bcd5003bbcd6ea9565ea32,Britannia Rink,0
976, 11eebb1cc80038003b33906fa7e649ec,Arena Samuel-Gagnon,0
977, 11eebb22dc31afb061ad368a0ab064b1,Progressive Auto Sales Arena,0
978, 11eebb23ab3e4b606b47bd087bf015b0,Centre récréatif de Saint-Gilles,0
979, 11eebb2e861e33805748ead4e9c9f7b3,Coleman Alberta Canada,0
980, 11eebb30e9644130eb39ba3bb1003c4d,Grand Valley & District Community Centre,0
981, 11eebb3238edc6d07913d82e326347d5,Kinsmen Arena 2st n,0
982, 11eebb35baf0d430c6188ae50358c7aa,Wilno Rink,0
983, 11eebb4ce58e494034e28ad23212361e,Oliver Parks & Recreation,0
984, 11eebb6c25490ab0a49b0730b7c2fa16,Hensall Arena,0
985, 11eebb7d886e7330496d9c5a05a692f8,Tottenham Community & Fitness Centre,0
986, 11eebb832b3c5c30e9fc07e0d093e110,East Elgin Community Complex,0
987, 11eebb891900caa098235d706c8dc68a,Gen Macleod,0
988, 11eebb8de7cf28005b4a175758daeced,Woodstock First Nation,0
989, 11eebb9f82a30520e3b4638ed312cb32,Bob Snodgrass Recreation Complex,0
990, 11eebba7809699b0f8e18a95f09f6155,Seaforth & District Community Centre,0
991, 11eebbb06cf94de04fd953e5753615f8,Hawkesbury Complex - Robert Hartley,0
992, 11eebbba93c5f7c084178cc89d107be3,Luseland Memorial Arena,0
993, 11eebbc8f65939c0b8c9ae0c45392b34,Exhibition Park Arena,0
994, 11eebbd3e3954c107c340e1834ffd02f,Lillooet & District REC Centre,0
995, 11eebbd9206e22102ec578c119d89a45,Victoria Park Arena,0
996, 11eebbdb210d0f40c515f4f49723e517,Barbara Jarrett,0
997, 11eebbecde0130c041b5b641a6c7317e,Qu'Appelle Skating Rink,0
998, 11eebbf656447520b1d9f5518b2d8f14,Aurora Community Centre 4.3,0
999, 11eebc1566424be0ba21fe8ca291de76,East Calgary Twin Arena,0
1000, 11eebc595c0a8a90699473a21cb35429,Chedoke Twin Pad Arena,0
1001, 11eebc995b60c1f0ef6444145b53c570,NorVal Arena,0
1002, 11eebd394d69a9e0c6e9a468ce9f5f4e,Gateway Recreation Centre,0
1003, 11eebd6345dbaaa0811c6e759e5ae57e,Cobden Arena,0
1004, 11eebd70e4ac54b0a48bb704471a8f3c,Mike Karbonik Arena,0
1005, 11eebd751a9ffd207b6fa740ad712967,Varsity View Sportsplex,0
1006, 11eebd75e7ece770d8a55eea3fe477ee,Indus Recreational Centre,0
1007, 11eebd7996be9930440cc6d9edcee664,Centre Sportif Gino Odjick,0
1008, 11eebd8191e970d0b62d1204dcff2f6f,Jim Durrell Recreation Centre,0
1009, 11eebd82392a5da01b930f51e8625cb2,Gimli Recreation Centre,0
1010, 11eebd9018bd3f20520055124d17be10,Burnaby Winter Club,0
1011, 11eebda080f39c50adebe4527e8257df,Fort Nelson Recreation Centre,0
1012, 11eebda5ba5992b0a05e95fd415fb91a,McCreary Centennial Arena,0
1013, 11eebdae2154d1701dfcee094e070006,Woodville / Eldon Community Centre,0
1014, 11eebddcd06bbb0089e32fd3fc6902d0,Aréna Gilles-Lupien,0
1015, 11eebdde30e1fc5035ebc515474d6547,Aréna des Deux Glaces,0
1016, 11eebddf239db9c0452ee99c4307ad24,Bracebridge Memorial Arena,0
1017, 11eebdfaf1e6c3102409607e19a6dd2f,AGT Centre,0
1018, 11eebe03ce0901208fa6117983389a44,Westwood Arena Sports Center,0
1019, 11eebe0c7e31ec30e0f02fb64ec71eec,Arena Clément choiniere.,0
1020, 11eebe1966adcc70a02d1e06ffab80e4,Bon Accord Arena,0
1021, 11eebe263dfa42b029b9680882c75bf9,Cudworth Arena,0
1022, 11eebe2d08987900fb41b4621cf8b7db,Aréna de Mascouche,0
1023, 11eebe33355422e09bc83acebcb9fd23,Leader Airport,0
1024, 11eebe39c59c925024fb3971fa6e2bb6,Centre Sportif Claude Bédard,0
1025, 11eebe6d99d7e640445faf065811cb69,Northern Rockies Regional Recreation Centre,0
1026, 11eebebaf0a58d40244cb4c02e806b39,Steele Community Centre,0
1027, 11eebecc58502fc0b93fbaa776e9e65b,Mainway Recreation Centre,0
1028, 11eebed2ef9457708bf190e82749851a,Centre Mario-Gosselin,0
1029, 11eebee1d5177f3051211dd1db3fb38b,St. Vital Centennial Arena,0
1030, 11eebee21b703990ac7628f9a80c1844,Blackie Arena,0
1031, 11eebee23c56ec80407b45a84aadfeef,Watson Skating Rink,0
1032, 11eebf06da5c11c00161c52acc0fd09f,Sportplex de l'Énergie,0
1033, 11eebf587cf607f063fd4fce3bc71562,Leoville,0
1034, 11eebf71b497a1f017d332c04fc4d225,Centre Sportif Régional,0
1035, 11eebf73f24b7600d41f4931cb085905,Strathmore Family Centre Arena,0
1036, 11eebf9bee0b2d1057f388be8213a97d,Rouyn-Noranda Rejean Houle,0
1037, 11eebfbcf1002720b95efd8b88f13f94,St-Antoine,0
1038, 11eebfd5c922e2b0adef7253e96895f7,Centre sportif et culturel de Saint- Timothée,0
1039, 11eebfd97da8d890a5cbabeadd4ebf80,Complexe Sportif Guimond,0
1040, 11eebfd994a5b40087a986e87297d934,Wayne Gretzky Sports Centre,0
1041, 11eebfef055501504f39dd9d14dddcef,Credit Union Centre,0
1042, 11eebff7e8996b601950795a42be88cb,Ian H. Steward Arena,0
1043, 11eec047bdd7789089022f5142abd2e0,Nipigon Community Centre Ice Skating Rink,0
1044, 11eec07228c88a20f61cc7d23d673009,Mount Royal Arena,0
1045, 11eec0b24c285f500aab7ebbe81e984e,Lac du Bonnet Arena,0
1046, 11eec11711df27b088d63c4fbf1b836b,Arena Andre St-Laurent,0
1047, 11eec119a2b6b490c5be47c8e493d13a,Complexe sportif St Félix De Dalquier,0
1048, 11eec12575501f80d7bfa42d216e4969,FRONTIER RINK,0
1049, 11eec125b0a09a10e3d694185f53e4d6,Ridge Runner Arena,0
1050, 11eec145435df7c0ab8c0008feecbff2,Centre Richard-Lebeau,0
1051, 11eec159ec62eba08c96208d63734677,Emerson Rink,0
1052, 11eec161c953e0d0b3348e0c8f9ab6f4,Don Henderson Memorial Sportsplex,0
1053, 11eec170be244510f82968925c4670f8,Rockyford Arena,0
1054, 11eec17d9b7bf910f42d168e57649d64,Nanette Oshowy,0
1055, 11eec18e503261e0d6b457952a70ffcf,Vermilion Centennial Arena,0
1056, 11eec1e15ed73ab054d80534a643d735,Wally Dawyduk Arena,0
1057, 11eec1e9a7d096f0c2213b00c2c7063d,Manawan,0
1058, 11eec1ecf2ae0ec0419a8fe38e75e595,Brant Sports Complex,0
1059, 11eec1f3ff398f00396481889c836d63,TD Station,0
1060, 11eec1f6294d6e406609a8091373d77b,Gerald Wapass,0
1061, 11eec231b6f994e01a1798ff0cf6e4db,Central Park Athletics,0
1062, 11eec239957e2260857a91400d583f22,Grunthal Arena,0
1063, 11eec23a350bc6c06f8af64fc9e4c7df,mistassini,0
1064, 11eec23a3d55a9e0f33d83f0761ff9bd,Centre sportif Clément-Tremblay (Aréna),0
1065, 11eec23a4d4085f0dfb1ac0d1b508d0f,Centre Mario-Tremblay,0
1066, 11eec24bc2704f20ff256c08ffb3a617,HBM Community Centre,0
1067, 11eec26b9b45b4b066aa69a0db6fb4fc,Centre Multifonctionnel,0
1068, 11eec27591e1a370b81dd8b3fba7c3d3,Le Centre Témiscaming,0
1069, 11eec2988ea7c040be8a7812673ac6e9,École des Montagnes,0
1070, 11eec2a9861aa9e04c4f4933cfb3ff0b,DF Barnes Arena (formerly Feildian Gardens),0
1071, 11eec2abe692555035b3fb461166a971,Centre sportif Acton Vale,0
1072, 11eec2cfeeafc6e0f00ba10e1a6c7d79,Whitney pier r Rink,0
1073, 11eec2efbbf56d20210f1e2a124fc76e,Woolwich Memorial Centre,0
1074, 11eec2f5278dbb0037dd6309a7b72033,Yellow Grass Town Office,0
1075, 11eec369c5ca3590e88ba63f2528ed4b,cochenour arena,0
1076, 11eec36a97f1f3f0bdebb65739f9c305,Macamic Centre Recreatif Rest,0
1077, 11eec3716dca28705d8e1ec448793bd4,Ball Hockey International London,0
1078, 11eec3728f7a50700ecc34f8cf2b09e2,Aréna Robert Fournier,0
1079, 11eec376155fef30e2592f2f1bde881e,Centre sportif Claude Jourdain,0
1080, 11eec3c3f74e58d0eabcc5c410679797,Centre Récréatif Taschereau,0
1081, 11eec3c6a5f398d0b1141f6d289f7c44,Centre Jean-Daigle,0
1082, 11eec3cbf6a722b0c5a0655befe10f19,Peguis Multiplex,0
1083, 11eec3cc4efd6c802e0e3450c385c89d,Tabusintac community Rink,0
1084, 11eec3cdeeff6110f4e93fc6552b12df,Quill Lake Memorial Arena,0
1085, 11eec3d840e955d0add849051a11e5ac,Ken Nichol Regional Recreation Centre,0
1086, 11eec3d85f6152b071d112bb50987a6d,Beaumont Sport and Recreation Centre,0
1087, 11eec3d8bcc037505cda954c163259be,Montrose outdoor rink,0
1088, 11eec3ea53bf8cd08457fbc28651812e,Kaminski Arena,0
1089, 11eec4195242a57044b883459c3dcc9f,South River-Machar Community Centre,0
1090, 11eec4331de028b02c679a6e033fc01d,Tom Donovan Arena,0
1091, 11eec4333b343f00a15df2753d884ab1,Doaktown Arena,0
1092, 11eec435e97df180191fe757dc1f9ca8,Essex Arena,0
1093, 11eec44ae357a5200b16027795d28671,Prospect Place,0
1094, 11eec44da27b4ea07a00ccec4a0251f3,William Allman Memorial Arena,0
1095, 11eec44f93505540509024954de048fe,Hesje Arena,0
1096, 11eec44fc3eb1cd0edba8a3b79801b24,Birch Hills Arena,0
1097, 11eec456796ca960c188625d4c4e391b,Notre Dame Arena,0
1098, 11eec459bdf55750bf87d805d27ac60d,Al,0
1099, 11eec45a7f233aa0c483531b9f0c8e16,Al MacInnis Sports Centre,0
1100, 11eec4710214a500f52d6b804057de3a,Bragg Creek Community Centre,0
1101, 11eec491569436c058d62cce1051bdcb,Centre Bell,0
1102, 11eec497acbeb830932b77cf0183b80b,J.H. Burt Memorial Arena,0
1103, 11eec49f999ab080a8ab9804ef51615f,Hockey Arena,0
1104, 11eec4a4eee8830003e73337e8d063b8,Tulloch Memorial Arena,0
1105, 11eec50a7f2e2720a8a0f593ff7aac3f,Alliston Memorial Arena,0
1106, 11eec522329a7f907cf11bd354b1d0f3,Delhi Community Arena,0
1107, 11eec525c0ea0c9072c8a705556ff47c,Creston and District Community Complex,0
1108, 11eec53e2a1e7f302bd28174b90905b4,Bonnetts Energy Centre,0
1109, 11eec547182a4f805668e47f078f9490,Welland  Arena,0
1110, 11eec54b8f76ca107783c26ed0e8c653,Alexander First Nation Outdoor Ice Rink,0
1111, 11eec54ba2ebde50ce2d05524425e243,Marcel claveau,0
1112, 11eec54d85dad990a5ec97845239e833,Big Horn Outdoor Ice Rink,0
1113, 11eec564112eb820fa5b4c03de6888b3,St. Walburg Arena,0
1114, 11eec5649ba13960d02ec40fdb296b7c,West Fraser Centre,0
1115, 11eec5668b0858201635af16b8f482af,Peace Memorial Multiplex,0
1116, 11eec56f34d59b805636505fd75672a5,Pyramid Recreation Centre,0
1117, 11eec57224bffe906e51a42fc3d223f1,Kurt Browning Arena,0
1118, 11eec5ea1f2435f037c3ff46b7819db1,Pavillon des loisirs de St-Fabien,0
1119, 11eec602e2e35e90173a5bd44f76fbb7,St. Michael's College School Arena,0
1120, 11eec6187edcac103f196ef07df309c2,Complexe Sportif Desjardins,0
1121, 11eec61f6c4549707ff94670b68c6e0e,Université Sainte-Anne,0
1122, 11eec621e0c150d08c47d8f07c9510a3,Aréna Puvirnituq,0
1123, 11eec690eba3e0c089c57196319f82a6,Dauphin Credit union place,0
1124, 11eec6af0938adf021985ef6c39f4777,Roddickton Bide Arm Arena,0
1125, 11eec6c0dbdcb880014b4ffe265ea0e3,J E Metivier,0
1126, 11eec6c181c6c7e0a10f28ecc9d6fecd,Sikulik arena,0
1127, 11eec6c1b0a7aa700c531acf99db5214,Current River Arena,0
1128, 11eec6c34533f760703c0a8ca6aa7f41,Chestermere Recreation Centre,0
1129, 11eec6d5a175f520843dcc15dfcd511e,Taloyoak Community Arena,0
1130, 11eec6eb0d8de000faac4e06f3128e71,E.W. Lyall Complex,0
1131, 11eec707f769d230bad45009bbe725e0,Rhoda Petal,0
1132, 11eec7103fbba3d0dffc4864dae86a3d,Paint Hill Arena,0
1133, 11eec72471920890a28accbd5874ad30,Martensville Sports Centre,0
1134, 11eec73cb7b0da50a7a03be1230b261a,Patinoire,0
1135, 11eec75504a369f0912f1d69cec07952,Aréna Saint-Canut,0
1136, 11eec756104f2040916b06e081a72515,Centre Caztel,0
1137, 11eec76117089e600c5d27e981739950,Cn centre,0
1138, 11eec761ae8a7a10160eb88ce6597c36,Stony Mountain Recreation Ctr,0
1139, 11eec76c6dfa000014af0b75db90bdcd,Kelvington Recreational Arena,0
1140, 11eec76ca27c13e0831ea14ab0fb80d0,Connaigre Arena,0
1141, 11eec7849466f550154603f47d6c14be,Beaconsfield Recreation Centre,0
1142, 11eec78de3463790165c30663085ef28,Roblin & District Centennial Arena,0
1143, 11eec797817ee4302d29208fd8f52e24,Warburg & District Memorial Arena,0
1144, 11eec7aa5db0ce20ae33ce8396ad873d,Fort St. James Secondary School,0
1145, 11eec7ad9108d9904295e2bdf0857929,Aréna St Gilles lotbiniere,0
1146, 11eec7b79abeeb50a09d8a21d7300823,Sue Lenihan,0
1147, 11eec7cbbb9b75000d42fbdddec7ae5f,Milestone Memorial Rink,0
1148, 11eec7d13a93c880939f1416b31dc832,Cascade,0
1149, 11eec7e0e675b6e0632410c6a2de07ca,Jubilee,0
1150, 11eec8119f2bef80c9a8535f772bd410,Roland Rheault,0
1151, 11eec81437423110c4a0e954f39c5d95,Rosaire tremblay,0
1152, 11eec816027e9570344253b772cd6373,Eganville arena,0
1153, 11eec81bb23bf4d0526070fa91a602a6,Hafford Arena,0
1154, 11eec81d59d3e5d0ad5ebcc662773103,Centre récréatif,0
1155, 11eec8335ef55dd07ce2d7651c9980eb,Joy Harper,0
1156, 11eec83a823258a0c5655b2e2a1c0f31,Killam Arena,0
1157, 11eec83d8d0fb0805c0ddef0b8ce8fce,Centre sportif Léonard-Grondin,0
1158, 11eec8430ce2ac908755c106f675002b,Centre sportif Paul-de-la-Sablonnière,0
1159, 11eec84364663d10dc4c0025cee51cfa,Hôtel de Ville - Ville de Gaspé,0
1160, 11eec845f3b925c056d6758bea354be2,Hudson's Hope Arena,0
1161, 11eec854502368d0e2fe37f3c9222c94,Polar Palace,0
1162, 11eec8556749a8c0581c81da84009c28,Centre Civique,0
1163, 11eec879130003301e7538f7d0fefd6e,Aquaréna Léo-Paul-Bédard,0
1164, 11eec87ae498ab806ab90f7cfe83b7f4,Fisher Branch Community Centre,0
1165, 11eec87e8ebeaf80e5aa3196dce79dd5,Cayuga memorial arena,0
1166, 11eec87e9719f7c06a5ab029f961de29,King City Arena & Community Centre,0
1167, 11eec87ed81bf75031c220adfe4a95a2,R.J. Kennedy,0
1168, 11eec88169c7eb30c4caff1b4f7acfac,Wadena REC Centre,0
1169, 11eec8845b3d8220954947f64198d15b,Bo Cragg,0
1170, 11eec893cff39960b939014bc388659c,St Gilles de Lobinière,0
1171, 11eec8d522d5cbd043c83cda5e2d124a,Municipality of Brooke-Alvinston,0
1172, 11eec90fe5aebab0bdfdd1b2909cb3ca,Carievale Rink,0
1173, 11eec9213c28e1c0b32d93fb0b731496,frank robinson,0
1174, 11eec932ad866d4044edeb510f2809c8,Piikani nation,0
1175, 11eec939e70530e09de59e58b8ec3317,Claresholm Arena,0
1176, 11eec94642ae7fd0c7fd5a87a9671287,Irvine Sports Complex,0
1177, 11eec961a9d6794095328f424610d91b,Hector Arena,0
1178, 11eec9c453ffa560fd4ad9cc5b152beb,John Cory,0
1179, 11eec9cef845e440931ff92b0244f09a,Budweiser Gardens,0
1180, 11eec9d93f5a90101e0c1c46c29d897b,Centre municipal des loisirs,0
1181, 11eeca087c1da210d21fa89d6b9d817d,Thomas Cheechoo Memorial Area,0
1182, 11eeca09aedbc960a4d4f5d6255a7db5,Fort Erie Leisurplex,0
1183, 11eeca10f31289f0a1e4d418ba30a356,Linus Hearty,0
1184, 11eeca13de409d705f89ebbc711312c8,Tom Davies Community Centre / Arena,0
1185, 11eeca1762949fb0a6db8ccaf94b7f3d,Three Rivers Sportsplex,0
1186, 11eeca2c6d551b90488ecd8325855ba5,Eckville,0
1187, 11eeca87013cc6a04676c40b67415b61,Ennismore Community Centre,0
1188, 11eeca88bfe14a803d256f71ce5b8551,Paisley Arena,0
1189, 11eeca88fe606fc060a3017c9f1ebc5b,Wiarton Arena & Community Centre,0
1190, 11eeca896f409da0af80952b81d7ea30,Chippawa Willoughby Memorial Arena,0
1191, 11eeca8a36aa1d80188d336843c20541,Cavan Monaghan Community Centre,0
1192, 11eeca8e214a7a804624653f11c1dc68,Ajax Community Centre,0
1193, 11eeca967f04f300dcb7c7effbb16857,Harriston arena,0
1194, 11eecaa43b158f20330beafd34ba1b25,Centre Georges-Vézina,0
1195, 11eecaaa44cbc4c0d6e537c1bceebdfd,Centre Bombardier,0
1196, 11eecaabe12ff920b53d63d5979cb07c,Gale Centre Arena,0
1197, 11eecaae5eb255d0aa11ac03cf115a22,Aréna Régionale J E Métivier,0
1198, 11eecaae8b6b284029b5290e492e931e,Rath Eastlink Community Centre,0
1199, 11eecaaf327c2b70dcdc30db1733acef,Victoria Highland Civic Centre,0
1200, 11eecad470c3c62004ee2b59f8bc3235,Centre récréatif de Sacré-Coeur,0
1201, 11eecada1a972b6094a3415e65b39078,Mattice Sports Complex,0
1202, 11eecadaed13e79085d6c8f796fa7a2a,ELLIOT LAKE ON,0
1203, 11eecae19f21d13002b68db8e5d0bda5,Glencoe Arena,0
1204, 11eecaea2609ab701b1d6c9cc7b2196a,Glace Dean-Bergeron,0
1205, 11eecb546bdad920de3ca6c5bb362f78,Consul Skating Rink,0
1206, 11eecb5a99952e503cc00fe820b800ef,Rocanville Skating Rink,0
1207, 11eecb5bc73732d04d7a109d7a4f76b8,Appleby Ice Centre,0
1208, 11eecb5beae1c0b0679fb408bf3bfda3,Nelson Recreation Centre,0
1209, 11eecb5c010c30f00c01b721c48dab61,Mountainside Recreation Centre,0
1210, 11eecb5c1bff9af06f17631ab5f876f7,Central Recreation Centre,0
1211, 11eecb6ace573e20a1244b4c6e2d2b15,Maple Creek Community Arena,0
1212, 11eecb72d6831850474fe3a234fd2090,Kilsyth Community Hall And Arena,0
1213, 11eecb8f0de076000b6180fcef516f83,Flesherton & District Arena,0
1214, 11eecbaf05555da0d172e5c9d51b7574,Thorold Community Arena,0
1215, 11eecbb8fa46f7c01012bd71c78369a1,Aréna Vincent Lecavalier,0
1216, 11eecc11b98278f059baa2f431115faa,Raymond Bourque Arena,0
1217, 11eecc19cd950c105454dad494d7013b,Garson Community Centre / Arena,0
1218, 11eecc230cb69cc013335119910601f5,Barbara Ann Scott Arena,0
1219, 11eecc4208e950009b133119d38b2f1f,Aréna de St-Éphrem,0
1220, 11eecc45f9ee0740e02574c82ded6551,Centre récréatif Luc-Germain (aréna),0
1221, 11eecc46699e8ec0b583047923d8c2b5,Centre creative Luc German,0
1222, 11eecc600e879f80580563b65ad53167,Russell morgan,0
1223, 11eecc627451e7108a1d016968f2aea9,Brian Kilrea Arena (Canterbury),0
1224, 11eecc6d548f19b01a2e5f8c64360d22,Allandale Recreation Centre,0
1225, 11eecc86fcc02980e3e28cf658db24f7,Weston park rd,0
1226, 11eeccf1ea0143403d08168542801271,Grant Fuhr Arena & Stu Barnes Arena,0
1227, 11eecd0eb7781300e1b289e810ea4944,Bradford Sports Dome,0
1228, 11eecd352e8590505c6867668f6e57f8,St michel,0
1229, 11eecd43135cb610d7dcde984c8f0f21,St Mary's Recplex,0
1230, 11eecd51321f96407165e08f07df99ec,Aréna Simon Nolet,0
1231, 11eecd53b7c78530aabc805aeaeb05b0,Arcola Prairie Place Arena,0
1232, 11eecda5a58579700fe1f1e6cc59c87b,Arena Rolland,0
1233, 11eecdfc30591060a68f49be23c9d4c7,Wapella skating rink,0
1234, 11eece012edb57c0278a6a47b908162c,Centre sportif et culturel de la Vallée de la Rouge,0
1235, 11eece01db3421a091d1240bddad5fff,Aréna Brad-Shimum,0
1236, 11eece06958f34a08422ca222cc2ec54,Centre Michel Brière,0
1237, 11eece5095c2c8206974c76fee60a372,Stronach Arena,0
1238, 11eece833e175c20ea1e538a58254723,CSRJQ Aréna Saint-Rémi,0
1239, 11eece866554f47019e8b182a4133b5d,PEPS de l'Université Laval,0
1240, 11eece8699f6c550a9d25d679e9af56a,Centre Sportif de Boischatel,0
1241, 11eece9c4a0b040076ec9e26bdbb8ede,Centre Grey Recreational Complex,0
1242, 11eecea336c84630b13daea751e8e38d,Similkameen Recreation Center,0
1243, 11eecea6299a11c0bf3057d9b107be4f,csrjq saint remi,0
1244, 11eeceb350e7f23049630e6063970478,Jacques Chagnon,0
1245, 11eecebb4c76e2d0509b347dc6ccfc2a,Enderby and district arena,0
1246, 11eececd6789686087ccf7ba8e2176d5,Windsor statium,0
1247, 11eeced38a83f870cd85af7beccdc539,Tofield Arena,0
1248, 11efca579764b5e0165b63faafc96b85,Arena Optimiste,0
1249, 11efcb095bf45c60ef5c82f35cb28a05,Sedley Rink,0
1250, 11efcb09f1d5f590182cbdd87db70fde,Bethune Community Sports Centre,0
1251, 11efcb736c5daa1093d114c0a1608b12,Bowness Community Association,0
1252, 11efcc4cf2580410d29d9836478e12f1,Danny Cleary Community Centre,0
1253, 11efcc4ea495c990b6d7cf9d039761a9,Bedeque Area Recreation Centre,0
1254, 11efcc4f4e4d34a0fa06c47e717dbcf7,Meaford and St.Vincent Community Centre,0
1255, 11efcc5249b974508689331a5294fbe8,Brooklyn potter,0
1256, 11efcc5588d8a2c0febe4e40fef7be8f,Aréna Isothermic de Disraeli,0
1257, 11efcc5c90015a40f4155f0dcc52772a,Gateway Arena,0
1258, 11efcc5cc87198403e1c7f3c1e54abc8,Arena Eugene Leblanc,0
1259, 11efcc689d12930067b70dc5254fce1f,Kelliher Skating Arena,0
1260, 11efcc73aed53b50736ce3812a9051ca,Harry Howell Twin-Pad Arena,0
1261, 11efcc795af2909091fe501eec529f32,Tantramar Civic Centre,0
1262, 11efcc7d78340c709d0a9c4d75728ff9,Nackawic Arena,0
1263, 11efcc8a48fedc70877e116ee033f916,Centre sportif Opitciwan,0
1264, 11efcc8a93537c9006fd6b0567735ab3,Souris Glenwood Memorial Complex,0
1265, 11efcc9d22aeaf606801c359e9334c0f,Greenfoot Energy Centre,0
1266, 11efcca146e92460f8dfa13d1c1512db,Centre Sportif et Communautaire de Chapais (aréna piscine salle communautaire et curling),0
1267, 11efcca5ffe347d06cab9fc1de4ef083,Carstairs Memorial Arena,0
1268, 11efccb8a5740e70ecfcc9ce0914d10f,Aréna Côte-de-Beaupré Beaupré,0
1269, 11efccedc36e5cc0060446ab413e16b8,Aréna Gilles Cadieux,0
1270, 11efccf942a446c04699ad73a055dba3,Ponteix Memorial Rink,0
1271, 11efcd04175c4160a29c40d79b859660,Steve Kerr Memorial Complex,0
1272, 11efcd0e59d62f60a6c14598b8a10640,Fairplex,0
1273, 11efcd10ab7b9ab0ec97c90d48bd8931,Warren Arena,0
1274, 11efcd1c96731ec012b094c2a550468e,Vankleek Hill Community Centre and Arena,0
1275, 11efcd299aede590621cc44e179ad44a,Centre de loisirs des Draveurs,0
1276, 11efcd3251ca836095078edcd776ddc6,Carlyle Sports Arena,0
1277, 11efcd391f9d30c063e9e31334c5f512,PDM Arena,0
1278, 11efcd4aeddc81a0cc7e4afd4c49077d,Palais des Sports CV Leclerc ,0
1279, 11efcd54cf6a6ca0afd707223963ad87,Brantford & District Civic Centre,0
1280, 11efcd5df4002ec05ddf1ea203cf5afe,Fairview Fairplex Arena ,0
1281, 11efcd615844cb4085a254b15b40a870,Centre Récréatif Chantal-PetitclercP,0
1282, 11efcd6a55e62bb02f1704d5febf9340,Treherne Arena,0
1283, 11efcd8424b12120c9d08700c3bd745f,Revelstoke Forum,0
1284, 11efcd92eb3da62030f64f97e8706aec,Valemount Arena,0
1285, 11efcdc2bc4b0f80f2fbc3ed682be4f2,St Jean Arena,0
1286, 11efcdd4755d14d05cfc9b95e1b344a3,Maurice-Richard Aréna,0
1287, 11efcddbdd0551e0e5f677a7f5ae0a47,Drake Sportsplex,0
1288, 11efcdde46d431c0def6fe83e01d3b71,M'Chigeeng First Nation Arena,0
1289, 11efcde1747e61b074dce08bc9c80a63,Halifax Forum Maritime Hall,0
1290, 11efcde2738b80c034c7e09ea62c6c7e,Vanderhoof Arena,0
1291, 11efcde2df140970c6c4a810d459603c,Aréna du complexe Rév. S.A. Dionne,0
1292, 11efce1ab841db5003b1399afdaa2ec9,201 Boulevard Armand-Frappier,0
1293, 11efce29ed48b1c0859e60d91730a093,Bala Arena,0
1294, 11efce2abb0c2ba0df70a2e0dff421ad,Elma-Logan Arena,0
1295, 11efce2f69f8ea00987958a7b6e99daa,Don Shepherdson Memorial Arena,0
1296, 11efce30112368a08e02301fffd363d8,Aréna de Barraute,0
1297, 11efce4048246bf03f90979d7511072b,West Ferris Arena,0
1298, 11efce713306e19056bfd1dfe44b2bb0,Jack Setters Arena,0
1299, 11efce7fe792a2d0e176c9936f565bfb,Karl Homuth Arena,0
1300, 11efceaa09af72b0fc4081f9f83bc5bb,Ouje-Bougoumou Sports Complex,0
1301, 11efceaaa4222cc0339fd78b19cffd2a,Keith Tallman Memorial Arena,0
1302, 11efceac6e98f7305c9c3363703a8d6c,Uxbridge Arena & Recreation Centre,0
1303, 11efcec8a0626a00290158a3335b7d50,Endmoor Arena,0
1304, 11efced90fd46ea000f8ad90aadd3220,Hanley Arena,0
1305, 11efcee16578e540d2feb5cc0e6b7733,Dana Antal Centennial Arena,0
1306, 11efcee906fbc5c037117b83d85b9397,Raymond Plourde Arena,0
1307, 11efceeefe1398106949e9665bab9a36,Inch Park Arena and Outdoor Pool,0
1308, 11efcf13985573c07c0a36da6a67c024,Doctor Bernie MacLean Cultural Recreation Center,0
1309, 11efcf7ba7d425402215daaaf2961f01,Chief Denton George Memorial Multiplex,0
1310, 11efcf80dd143fb0075273a496ce1cf6,Glenwood Community Rink,0
1311, 11efcfb8005e5910271c363ccb5ded7d,North Thompson Sportsplex,0
1312, 11efcfc1c11f33a06ae2f5ec07f73d5a,Columbia Icefield Arena,0
1313, 11efd047544b485090cb6df333044608,Ear Falls Recreation Centre,0
1314, 11efd04a9dca68a0409d14f72e1c7ac6,Fort Forum Arena,0
1315, 11efd062d86bf1a0c72f965baf8869a9,Complexe Brad-Shimun,0
1316, 11efd0885fea12404b88b097dc6654de,Glaslyn Arena ,0
1317, 11efd089a458ba70022cd2d2d5ae303c,Arena Connie Dion,0
1318, 11efd089fa5dc1406d98cd24873fcc96,Aréna Chaumont,0
1319, 11efd090efed9e9058e7f77e12ab84a3,Cornwall Civic Complex Ed Lumley Arena,0
1320, 11efd096b343c6d06a6e72f9d4be772b,Gibbons Arena,0
1321, 11efd0b07c85a6d07eae42963575cb5a,Watson Lake Recreation Centre,0
1322, 11efd0b0e6a79aa02aa22e81c872bc97,Lanigan Recreaction Complex,0
1323, 11efd0f9b9e60b700d29b9622530102c,Emera Centre Northside,0
1324, 11efd12783e0c41024f4552ae0265ba0,Siksika Deerfoot Sportsplex,0
1325, 11efd141101a19405550238470b79f60,GFL Memorial Gardens,0
1326, 11efd1460aebdbc0cca28a96320c5afb,ARÉNA BEDFORD,0
1327, 11efd15ab0d44d605f1ec2fcbee30b93,Falher Regional Recreation Complex,0
1328, 11efd162787af92018b0ccf5cb1f94ca,Fenwood Community Rink And Hall,0
1329, 11efd1c70d9796304f0ce7f8cc340aca,Tataskweyak Metawekamik Centre (TMC Arena),0
1330, 11efd1f03f95c1b06cc496ed2b410a40,Jérôme Cotnoir ,0
1331, 11efd1f1e058bc50d36a1f077f46c834,Centre sportif Rosanne-Laflamme,0
1332, 11efd1fbaa7fbf70f4df7ea2433c32d5,Glendon Arena,0
1333, 11efd21184b228807968945aa2c57b7c,Campus de la Cité-des-Jeunes,0
1334, 11efd213938bf7d01baab08c906b25e0,Edgerton Skating Arena,0
1335, 11efd21bae2624a0b3bc6c3545d5b345,Raymond Ice Arena,0
1336, 11efd23e8a4b2300633f18068e308c24,Port Moody Recreation Complex,0
1337, 11efd241e5e6a560492eea44ea1482c0,Massey District Community Arena,0
1338, 11efd28a7c319a007143703fb2709816,Rolf Zeis Memorial Arena,0
1339, 11efd29d4bef310027d71e962c43205d,Mike Natomagan,0
1340, 11efd2ee146c5c704e5f637efe0f39a3,Wymark Skating Rink,0
1341, 11efd2f5ea7ee560c47129d43f5fac0d,Coronach Sports-Plex,0
1342, 11efd37c30df982025f43dbad39e4a64,Aréna Jean-Charles Perreault,0
1343, 11efd3a6c4d8f740683074e3d18184a5,Cape St. John Arena,0
1344, 11efd402747b37705e4120c34e73424d,Centre Agnico Eagle,0
1345, 11efd4562c8cddc0f31d445b4a5e3271,Horton Community Centre,0
1346, 11efd46a81925ed0dadb378ffcc4e1e6,Smoky Lake Arena,0
1347, 11efd4876f4ac7e097b5f776ff830d46,Roland Arena,0
1348, 11efd52d94dcd600c8d3c26438a6f9d7,MacGregor Community Rink/Stride Normac Centre,0
1349, 11efd530065b06b0cf74b92f814d3997,Aréna Ronald-Caron,0
1350, 11efd53de400490059d5b30f16be09a2,Lac Seul Events Centre,0
1351, 11efd5b2047ab3e02be05615a762da5d,Jim Kook Recreation Complex,0
1352, 11efd5da8a2cbfb0226d065f679facb7,Six Nations Sports & Cultural Memorial Center,0
1353, 11efd5e42dbc00104c5592579129837c,Vita Arena,0
1354, 11efd5e82b5eb25064d5ce371a21c172,Aréna Cholette,0
1355, 11efd5eef48a93f09f3bde668ddea21d,Fenelon Falls Community Centre,0
1356, 11efd6bbe244c1c0d365096d27e85b12,Brocklehurst Arena,0
1357, 11efd6d188b113f0602411dc831ce2ea,Jack Byrne,0
1358, 11efd6ddf6f2f9d03718d60198fc0b9f,Torquay Arena,0
1359, 11efd6e41d3ae0203fec308824905c7f,Bassano & District Centennial Arena,0
1360, 11efd7032dd80420f9ffef5437844d09,Centre récréatif Marcel-Bonin,0
1361, 11efd746301accc016077c7df7be4550,Aréna Jean-Paul Sabourin,0
1362, 11efd7b6771354b0db8aafdc93150e24,Linaria Rink,0
1363, 11efd8ba06d566204e000512ab743635,Aréna Rosaire-Tremblay,0
1364, 11efd8cddf0867a03c293ab9b1fad220,Gord and Irene Risk Community Centre,0
1365, 11efd8d582814bc0dfd3aaa7da7dc780,Magna Centre,0
1366, 11efd8dc33deaa10b5edbc9e2646d202,Stoney Creek Arena ,0
1367, 11efd8e4b177db60e2112b7c8d8ec16f,Ripley Huron Community Centre,0
1368, 11efd8ed77400db09efe33e01aea640d,Nibinamik Arena,0
1369, 11efd913f00489d0089889336090e905,Westhills Arena,0
1370, 11efd92b9b2159d0a29c269562ea9581,Twin Towns Sports Complex,0
1371, 11efda719a318170fcc310daf1127116,Fort Smith Centennial Arena,0
1372, 11efdabb842177602e10846728e4cb01,Austin Community Centre,0
1373, 11efdb1f47c24d8099250c459040143e,J&G Home Arena,0
1374, 11efdb52155332f05c63950ba6a4a2fe,Lord Beaverbrook Arena,0
1375, 11efdb67ecdd5f606ad8922c440121fd,Bellegarde Rink,0
1376, 11efdb8aecb501f06f492891e01eb3ae,Gaetan Boucher Sports Center,0
1377, 11efdc0aff50be000c9787c5834dd3d1,Complexe Guy Ouellet ,0
1378, 11efdc2498cfbfe0c88980f84ae06d02,Civic Centre,0
1379, 11efdc4c7560ad30f6aa89ce8b23bf23,Trenton Rink,0
1380, 11efdccaa1c23aa0838ea2d96b837438,Pla-Mor Palace,0
1381, 11efdd725aa619e025aea2f61f0d5ae4,Straits Arena,0
1382, 11efdd7ed6a8cfe07f54b0996698a2fb,Kevin Bateman Center,0
1383, 11efddae7f958c90853775c01d490d04,Centre Sportif Jules Paquin,0
1384, 11efddd55d0f6fc077bdfcfbb202b38e,Arena Rogatien Vachon,0
1385, 11efddf074b6eed08a2982768f3f4aa2,Gilbert Plains Recreation Complex,0
1386, 11efde2463f8e6a0d747380d746699ac,Keady Community Centre,0
1387, 11efde866669ac00d80f7d3863a24531,Eastwood Arena,0
1388, 11efdec2614ccea04ff05df0f7d2e5af,Creemore & District Recreation Centre,0
1389, 11efdec3c84f8ba0ea08a9696757c9f9,Boissevain Agricultural Arena,0
1390, 11efdf1e1225e1202d5244ffab522171,arena martin brodeur,0
1391, 11efdf6fb8b46a101623874e2862c381,Calahoo Arena,0
1392, 11efe0000c528090a39ed6b737e39902,Jason morningchild memorial arena,0
1393, 11efe0bb3f834b503d491008eabcab56,St laurent ,0
1394, 11efe0ff878d47409bc2644af3bc8203,Peavine Arena,0
1395, 11efe1088bbdbb70ff585f20a668e39b,Rogers Place,0
1396, 11efe148c7e4f2e0220f1c3365a0fddd,Skownan First Nation Rink,0
1397, 11efe16dbf6581007702d70e4055d5d9,MacTier Memorial Community Centre,0
1398, 11efe1836577572057bb40a9c3866837,Joe Byrne Memorial Stadium,0
1399, 11efe1d28e5595900087a71b8be89352,River Valley Community Centre,0
1400, 11efe1d5a40a3230bcd6761bb999efe5,Sunny Corner Arena,0
1401, 11efe2291e985150396039f5770bc473,Quispamsis memorial arena,0
1402, 11efe22c43a85b4024f531e58281b609,West Kildonan Memorial Arena,0
1403, 11efe2421118787043b40a13f3927a98,Aréna Jean Guy Perron,0
1404, 11efe25319e6e5208f0b96cbb104b33e,Vibank Rink,0
1405, 11efe25353940ff032bf3c07f62fdcbb,Vibank Co-operative Community Centre,0
1406, 11efe25548e80f0013d09b79228f2a19,Odessa Community Rink,0
1407, 11efe2a6559fa8b00c10f5e7e971f175,Goodsoil Rink,0
1408, 11efe336dca16ac089b72faf318d5971,Lakeview Arena,0
1409, 11efe354d7cae0d085b86947873a13dc,Oakbank Community Recreation Arena,0
1410, 11efe3653d5112209877ed4b08b48bf9,Fred Moose and Jimmy Spence Memorial Arena,0
1411, 11efe3787b6594105d89a8131af1b91a,Ponoka Arena Complex,0
1412, 11efe38cdc356c702f98f732ae87133c,Roy H Johnston Arena,0
1413, 11efe3dfc2764e00e8ef628c85420cbf,St Boniface,0
1414, 11efe4bfdfb8c750db5b2c1d9e243671,Birtle District Community Centre,0
1415, 11efe4e0f4a9a3206a8f20cd3b6c274d,Kerrobert Memorial Arena,0
